Date,Open,High,Low,Close,Adj Close,Volume
01-12-2017,42.487499,42.9175,42.125,42.762501,40.600857,159037200
04-12-2017,43.119999,43.154999,42.407501,42.450001,40.304161,130169600
05-12-2017,42.264999,42.880001,42.099998,42.41,40.266174,109400800
06-12-2017,41.875,42.549999,41.615002,42.252499,40.116642,114240000
07-12-2017,42.2575,42.610001,42.227501,42.330002,40.19022,102693200
08-12-2017,42.622501,42.75,42.205002,42.342499,40.202091,93420800
11-12-2017,42.299999,43.2225,42.197498,43.1675,40.985386,141095200
12-12-2017,43.037498,43.0975,42.865002,42.924999,40.755142,77636800
13-12-2017,43.125,43.384998,43,43.067501,40.890438,95273600
14-12-2017,43.099998,43.282501,42.912498,43.055,40.878571,81906000
15-12-2017,43.407501,43.5425,43.115002,43.4925,41.293953,160677200
18-12-2017,43.720001,44.299999,43.715,44.105,41.875488,117684400
19-12-2017,43.7575,43.8475,43.522499,43.634998,41.429249,109745600
20-12-2017,43.717499,43.855,43.3125,43.587502,41.384159,93902400
21-12-2017,43.5425,44.005001,43.525002,43.752499,41.540813,83799600
22-12-2017,43.669998,43.855,43.625,43.752499,41.540813,65397600
26-12-2017,42.700001,42.8675,42.419998,42.642502,40.486931,132742000
27-12-2017,42.525002,42.695,42.427502,42.650002,40.494045,85992800
28-12-2017,42.75,42.962502,42.619999,42.77,40.607986,65920800
29-12-2017,42.630001,42.647499,42.305,42.307499,40.168865,103999600
02-01-2018,42.540001,43.075001,42.314999,43.064999,40.888062,102223600
03-01-2018,43.1325,43.637501,42.990002,43.057499,40.880947,118071600
04-01-2018,43.134998,43.3675,43.02,43.2575,41.070843,89738400
05-01-2018,43.360001,43.842499,43.262501,43.75,41.538445,94640000
08-01-2018,43.587502,43.9025,43.482498,43.587502,41.384159,82271200
09-01-2018,43.637501,43.764999,43.352501,43.5825,41.379406,86336000
10-01-2018,43.290001,43.575001,43.25,43.572498,41.369915,95839600
11-01-2018,43.647499,43.872501,43.622501,43.82,41.6049,74670800
12-01-2018,44.044998,44.34,43.912498,44.272499,42.034534,101672400
16-01-2018,44.474998,44.8475,44.035,44.047501,41.820904,118263600
17-01-2018,44.037498,44.8125,43.767502,44.775002,42.511623,137547200
18-01-2018,44.842499,45.025002,44.5625,44.814999,42.549603,124773600
19-01-2018,44.6525,44.895,44.352501,44.615002,42.359722,129700400
22-01-2018,44.325001,44.445,44.150002,44.25,42.013168,108434400
23-01-2018,44.325001,44.860001,44.205002,44.259998,42.022659,130756400
24-01-2018,44.3125,44.325001,43.299999,43.555,41.353298,204420400
25-01-2018,43.627499,43.737499,42.6325,42.7775,40.615105,166116000
26-01-2018,43,43,42.514999,42.877499,40.710037,156572000
29-01-2018,42.540001,42.540001,41.767502,41.990002,39.867405,202561600
30-01-2018,41.3825,41.842499,41.174999,41.7425,39.632416,184192800
31-01-2018,41.717499,42.110001,41.625,41.857498,39.741608,129915600
01-02-2018,41.7925,42.154999,41.689999,41.945,39.824684,188923200
02-02-2018,41.5,41.700001,40.025002,40.125,38.096684,346375200
05-02-2018,39.775002,40.970001,39,39.122501,37.144855,290954000
06-02-2018,38.7075,40.93,38.5,40.7575,38.697208,272975200
07-02-2018,40.772499,40.849998,39.767502,39.884998,37.868816,206434400
08-02-2018,40.072498,40.25,38.7575,38.787498,36.826797,217562000
09-02-2018,39.267502,39.4725,37.560001,39.102501,37.277237,282690400
12-02-2018,39.625,40.9725,39.377499,40.677502,38.778717,243278000
13-02-2018,40.487499,41.1875,40.412498,41.084999,39.167194,130196800
14-02-2018,40.759998,41.884998,40.720001,41.842499,39.889336,162579600
15-02-2018,42.447498,43.272499,42.25,43.247501,41.228756,204588800
16-02-2018,43.09,43.705002,42.942501,43.107498,41.095287,160704400
20-02-2018,43.012501,43.564999,42.855,42.962502,40.957054,135722000
21-02-2018,43.2075,43.529999,42.752499,42.767502,40.771156,149886400
22-02-2018,42.950001,43.487499,42.927502,43.125,41.111969,123967600
23-02-2018,43.4175,43.912498,43.384998,43.875,41.826965,135249600
26-02-2018,44.087502,44.8475,44.052502,44.7425,42.653973,152648800
27-02-2018,44.775002,45.119999,44.540001,44.5975,42.515736,155712400
28-02-2018,44.814999,45.154999,44.512501,44.529999,42.451393,151128400
01-03-2018,44.634998,44.945,43.165001,43.75,41.707802,195208000
02-03-2018,43.200001,44.075001,43.112499,44.052502,41.996178,153816000
05-03-2018,43.802502,44.435001,43.630001,44.205002,42.14156,113605600
06-03-2018,44.477501,44.5625,44.032501,44.1675,42.105808,95154000
07-03-2018,43.735001,43.962502,43.567501,43.7575,41.714947,126814000
08-03-2018,43.869999,44.279999,43.767502,44.235001,42.170162,95096400
09-03-2018,44.490002,45,44.3475,44.994999,42.894676,128740800
12-03-2018,45.072498,45.5975,45.052502,45.43,43.30938,128828400
13-03-2018,45.647499,45.875,44.810001,44.9925,42.892296,126774000
14-03-2018,45.080002,45.130001,44.452499,44.610001,42.527653,117473600
15-03-2018,44.625,45.060001,44.517502,44.662498,42.577705,90975200
16-03-2018,44.662498,44.779999,44.404999,44.505001,42.427559,157618800
19-03-2018,44.330002,44.3675,43.415001,43.825001,41.779305,133787200
20-03-2018,43.810001,44.200001,43.735001,43.810001,41.764996,78597600
21-03-2018,43.759998,43.772499,42.814999,42.817501,40.818829,148219600
22-03-2018,42.5,43.169998,42.150002,42.212502,40.242065,165963200
23-03-2018,42.0975,42.48,41.235001,41.235001,39.3102,164115200
26-03-2018,42.017502,43.275002,41.610001,43.192501,41.176323,150164800
27-03-2018,43.419998,43.787498,41.73,42.084999,40.120518,163690400
28-03-2018,41.8125,42.505001,41.297501,41.619999,39.677227,166674000
29-03-2018,41.952499,42.9375,41.724998,41.945,39.987057,153594000
02-04-2018,41.66,42.235001,41.1175,41.669998,39.724884,150347200
03-04-2018,41.91,42.1875,41.220001,42.0975,40.132442,121112000
04-04-2018,41.220001,43.002499,41.192501,42.9025,40.899857,138422000
05-04-2018,43.145,43.557499,43.02,43.200001,41.183475,107732800
06-04-2018,42.7425,43.119999,42.049999,42.095001,40.130054,140021200
09-04-2018,42.470001,43.272499,42.462502,42.512501,40.528065,116070800
10-04-2018,43.25,43.5,42.8825,43.3125,41.290733,113634400
11-04-2018,43.057499,43.48,42.924999,43.110001,41.097668,89726400
12-04-2018,43.352501,43.75,43.259998,43.535,41.502834,91557200
13-04-2018,43.695,43.959999,43.462502,43.682499,41.643444,100497200
16-04-2018,43.7575,44.047501,43.7075,43.955002,41.903233,86313600
17-04-2018,44.122501,44.735001,44.102501,44.560001,42.47998,106421600
18-04-2018,44.452499,44.705002,44.220001,44.459999,42.384655,83018000
19-04-2018,43.439999,43.8475,43.165001,43.200001,41.183475,139235200
20-04-2018,42.650002,42.805,41.357498,41.43,39.496094,261964400
23-04-2018,41.7075,41.73,41.022499,41.310001,39.381699,146062000
24-04-2018,41.4175,41.5825,40.305,40.735001,38.833527,134768000
25-04-2018,40.654999,41.355,40.602501,40.912498,39.00275,113528400
26-04-2018,41.029999,41.432499,40.842499,41.055,39.138592,111852000
27-04-2018,41,41.0825,40.157501,40.580002,38.685764,142623200
30-04-2018,40.532501,41.814999,40.459999,41.314999,39.386456,169709600
01-05-2018,41.602501,42.299999,41.317501,42.275002,40.301651,214277600
02-05-2018,43.807499,44.4375,43.450001,44.142502,42.081982,266157600
03-05-2018,43.970001,44.375,43.610001,44.2225,42.158241,136272800
04-05-2018,44.5625,46.0625,44.5425,45.9575,43.81226,224805200
07-05-2018,46.294998,46.9175,46.1875,46.290001,44.12923,169805600
08-05-2018,46.247501,46.555,45.9175,46.512501,44.341351,113611200
09-05-2018,46.637501,46.849998,46.305,46.84,44.653564,92844800
10-05-2018,46.935001,47.592499,46.912498,47.509998,45.292286,111957200
11-05-2018,47.372501,47.514999,46.862499,47.147499,45.120029,104848800
14-05-2018,47.252499,47.3825,46.965,47.037498,45.014755,83115200
15-05-2018,46.695,46.767502,46.275002,46.610001,44.605644,94780800
16-05-2018,46.517502,47.115002,46.5,47.044998,45.021931,76732400
17-05-2018,47,47.227501,46.59,46.747501,44.737228,69176000
18-05-2018,46.797501,46.952499,46.532501,46.577499,44.574539,73190800
21-05-2018,47,47.317501,46.727501,46.907501,44.890343,73603200
22-05-2018,47.095001,47.220001,46.695,46.790001,44.777901,60962800
23-05-2018,46.587502,47.125,46.439999,47.09,45.064999,80233600
24-05-2018,47.192501,47.209999,46.552502,47.037498,45.014755,92936000
25-05-2018,47.057499,47.412498,46.912498,47.145,45.117638,69844000
29-05-2018,46.900002,47.1875,46.717499,46.974998,44.954948,90056400
30-05-2018,46.93,47,46.695,46.875,44.859249,74762000
31-05-2018,46.805,47.057499,46.535,46.717499,44.708511,109931200
01-06-2018,46.997501,47.564999,46.9375,47.560001,45.51479,93770000
04-06-2018,47.91,48.355,47.837502,47.9575,45.895191,105064800
05-06-2018,48.267502,48.485001,48.09,48.327499,46.249287,86264000
06-06-2018,48.407501,48.52,47.98,48.494999,46.40958,83734400
07-06-2018,48.535,48.549999,48.084999,48.365002,46.285175,85388800
08-06-2018,47.7925,48,47.442501,47.924999,45.864086,106627200
11-06-2018,47.837502,47.9925,47.552502,47.807499,45.751652,73234000
12-06-2018,47.8475,48.1525,47.787498,48.07,46.002861,67644400
13-06-2018,48.105,48.220001,47.610001,47.674999,45.624836,86553600
14-06-2018,47.887501,47.892502,47.555,47.700001,45.648762,86440400
15-06-2018,47.5075,47.540001,47.064999,47.209999,45.17984,246876800
18-06-2018,46.970001,47.305,46.799999,47.185001,45.155907,73939600
19-06-2018,46.285,46.5825,45.862499,46.422501,44.426205,134314000
20-06-2018,46.587502,46.799999,46.432499,46.625,44.620003,82514800
21-06-2018,46.8125,47.087502,46.235001,46.365002,44.37117,102847600
22-06-2018,46.529999,46.537498,46.174999,46.23,44.241985,108801600
25-06-2018,45.849998,46.23,45.182499,45.5425,43.584042,126652400
26-06-2018,45.747501,46.6325,45.634998,46.107498,44.124752,98276800
27-06-2018,46.307499,46.82,46.0075,46.040001,44.060158,101141200
28-06-2018,46.025002,46.552502,45.950001,46.375,44.380745,69460800
29-06-2018,46.572498,46.797501,45.727501,46.2775,44.287437,90950800
02-07-2018,45.955002,46.825001,45.855,46.794998,44.782684,70925200
03-07-2018,46.947498,46.987499,45.884998,45.98,44.002731,55819200
05-07-2018,46.314999,46.602501,46.07,46.349998,44.356815,66416800
06-07-2018,46.355,47.107498,46.299999,46.9925,44.971695,69940800
09-07-2018,47.375,47.669998,47.325001,47.645,45.596134,79026400
10-07-2018,47.677502,47.82,47.544998,47.587502,45.541107,63756400
11-07-2018,47.125,47.445,46.9025,46.970001,44.95015,75326000
12-07-2018,47.3825,47.852501,47.327499,47.7575,45.703793,72164400
13-07-2018,47.77,47.959999,47.724998,47.8325,45.77557,50055600
16-07-2018,47.880001,48.162498,47.605,47.727501,45.675087,60172400
17-07-2018,47.4375,47.967499,47.299999,47.862499,45.804287,62138000
18-07-2018,47.945,47.950001,47.482498,47.599998,45.553062,65573600
19-07-2018,47.422501,48.137501,47.422501,47.970001,45.907154,81147200
20-07-2018,47.945,48.107498,47.5425,47.860001,45.801888,82704800
23-07-2018,47.669998,47.990002,47.389999,47.9025,45.842548,63957600
24-07-2018,48.112499,48.415001,48.012501,48.25,46.175114,74791600
25-07-2018,48.264999,48.712502,48.107498,48.705002,46.610554,66839600
26-07-2018,48.6525,48.990002,48.4025,48.552502,46.4646,76304000
27-07-2018,48.747501,48.797501,47.525002,47.744999,45.691833,96096000
30-07-2018,47.974998,48.049999,47.267502,47.477501,45.435841,84118000
31-07-2018,47.575001,48.035,47.334999,47.572498,45.526749,157492000
01-08-2018,49.782501,50.439999,49.327499,50.375,48.208729,271742800
02-08-2018,50.145,52.095001,50.087502,51.8475,49.617912,249616000
03-08-2018,51.7575,52.185001,51.369999,51.997501,49.761456,133789600
06-08-2018,52,52.3125,51.767502,52.267502,50.019848,101701600
07-08-2018,52.330002,52.375,51.689999,51.7775,49.550922,102349600
08-08-2018,51.512501,51.952499,51.130001,51.8125,49.584415,90102000
09-08-2018,52.3825,52.445,51.799999,52.220001,49.974392,93970400
10-08-2018,51.84,52.275002,51.6675,51.8825,49.825535,98444800
13-08-2018,52.327499,52.737499,51.924999,52.217499,50.147255,103563600
14-08-2018,52.540001,52.639999,52.064999,52.4375,50.35854,82992000
15-08-2018,52.305,52.685001,52.0825,52.560001,50.476173,115230400
16-08-2018,52.9375,53.452499,52.8675,53.330002,51.215652,114001600
17-08-2018,53.360001,54.487499,53.290001,54.395,52.238422,141708000
20-08-2018,54.525002,54.794998,53.7775,53.865002,51.729443,121150800
21-08-2018,54.200001,54.297501,53.5075,53.759998,51.628605,104639200
22-08-2018,53.525002,54.09,53.459999,53.762501,51.631008,76072400
23-08-2018,53.662498,54.262501,53.650002,53.872501,51.736649,75532800
24-08-2018,54.150002,54.224998,53.7775,54.040001,51.897503,73905600
27-08-2018,54.287498,54.685001,54.0825,54.485001,52.324863,82100400
28-08-2018,54.752499,55.134998,54.73,54.924999,52.74741,91107200
29-08-2018,55.037498,55.872501,54.852501,55.744999,53.534904,109019200
30-08-2018,55.8125,57.064999,55.599998,56.2575,54.027084,195175200
31-08-2018,56.627499,57.217499,56.5,56.907501,54.651318,173360400
04-09-2018,57.102501,57.294998,56.657501,57.09,54.82658,109560400
05-09-2018,57.247501,57.4175,56.275002,56.717499,54.468853,133332000
06-09-2018,56.557499,56.837502,55.325001,55.775002,53.563713,137160000
07-09-2018,55.462502,56.342499,55.177502,55.325001,53.131557,150479200
10-09-2018,55.237499,55.462502,54.1175,54.5825,52.418484,158066000
11-09-2018,54.502499,56.075001,54.139999,55.962502,53.743786,142996000
12-09-2018,56.235001,56.25,54.959999,55.267502,53.076332,197114800
13-09-2018,55.880001,57.087502,55.642502,56.602501,54.358406,166825600
14-09-2018,56.4375,56.709999,55.630001,55.959999,53.741379,127997200
17-09-2018,55.537498,55.737499,54.317501,54.470001,52.310455,148780400
18-09-2018,54.447498,55.462502,54.279999,54.560001,52.396896,126286800
19-09-2018,54.625,54.904999,53.825001,54.592499,52.428097,108495200
20-09-2018,55.060001,55.57,54.787498,55.0075,52.826645,106435200
21-09-2018,55.195,55.34,54.322498,54.415001,52.257633,384986800
24-09-2018,54.205002,55.314999,54.157501,55.197498,53.009113,110773600
25-09-2018,54.9375,55.705002,54.924999,55.547501,53.345238,98217600
26-09-2018,55.25,55.9375,54.939999,55.105,52.92028,95938800
27-09-2018,55.955002,56.610001,55.884998,56.237499,54.007881,120724800
28-09-2018,56.197498,56.459999,56.005001,56.435001,54.197548,91717600
01-10-2018,56.987499,57.355,56.587502,56.814999,54.562481,94403200
02-10-2018,56.8125,57.5,56.657501,57.32,55.047459,99152800
03-10-2018,57.512501,58.3675,57.445,58.017502,55.717316,114619200
04-10-2018,57.695,58.087502,56.682499,56.997501,54.737743,128168000
05-10-2018,56.990002,57.102501,55.145,56.072498,53.849415,134322000
08-10-2018,55.552502,56.200001,55.049999,55.942501,53.724575,118655600
09-10-2018,55.91,56.817501,55.5625,56.717499,54.468853,107564000
10-10-2018,56.365002,56.587502,54.012501,54.09,51.945515,167962400
11-10-2018,53.630001,54.875,53.080002,53.612499,51.48695,212497600
12-10-2018,55.105,55.720001,54.209999,55.5275,53.326027,161351600
15-10-2018,55.290001,55.4575,54.317501,54.34,52.185608,123164000
16-10-2018,54.732498,55.747501,54.189999,55.537498,53.335629,116736000
17-10-2018,55.575001,55.66,54.834999,55.297501,53.105152,91541600
18-10-2018,54.465,54.935001,53.25,54.005001,51.863892,130325200
19-10-2018,54.514999,55.314999,54.357498,54.827499,52.653782,132314800
22-10-2018,54.947498,55.84,54.735001,55.162498,52.975494,115168400
23-10-2018,53.9575,55.8125,53.674999,55.682499,53.474884,155071200
24-10-2018,55.650002,56.057499,53.634998,53.772499,51.640606,163702000
25-10-2018,54.427502,55.345001,54.1875,54.950001,52.771435,119423200
26-10-2018,53.974998,55.047501,53.1675,54.075001,51.931114,189033600
29-10-2018,54.797501,54.922501,51.522499,53.060001,50.95636,183742000
30-10-2018,52.787498,53.794998,52.317501,53.325001,51.210857,146640000
31-10-2018,54.220001,55.112499,54.154999,54.715,52.545746,153435600
01-11-2018,54.762501,55.59,54.202499,55.555,53.35244,233292800
02-11-2018,52.387501,53.412498,51.357498,51.869999,49.813538,365314800
05-11-2018,51.075001,51.0975,49.5425,50.397499,48.399422,264654800
06-11-2018,50.48,51.18,50.422501,50.942501,48.92281,127531600
07-11-2018,51.4925,52.514999,51.032501,52.487499,50.406555,133697600
08-11-2018,52.494999,52.529999,51.6875,52.122501,50.230682,101450400
09-11-2018,51.387501,51.502499,50.5625,51.1175,49.262157,137463200
12-11-2018,49.75,49.962502,48.447498,48.5425,46.780605,204542000
13-11-2018,47.907501,49.294998,47.862499,48.057499,46.313221,187531600
14-11-2018,48.474998,48.619999,46.482498,46.700001,45.004997,243204000
15-11-2018,47.0975,47.9925,46.724998,47.852501,46.115665,185915200
16-11-2018,47.625,48.7425,47.365002,48.3825,46.626423,147713200
19-11-2018,47.5,47.674999,46.247501,46.465,44.778526,167701200
20-11-2018,44.592499,45.3675,43.877499,44.244999,42.639095,271300800
21-11-2018,44.932499,45.067501,44.137501,44.195,42.590912,124496800
23-11-2018,43.735001,44.150002,43.025002,43.072498,41.509148,94496000
26-11-2018,43.560001,43.737499,42.564999,43.654999,42.070507,179994000
27-11-2018,42.877499,43.692501,42.720001,43.560001,41.978958,165549600
28-11-2018,44.182499,45.322498,43.732498,45.235001,43.593163,184250000
29-11-2018,45.665001,45.700001,44.424999,44.887501,43.258278,167080000
30-11-2018,45.072498,45.0825,44.2575,44.645,43.024578,158126000
03-12-2018,46.115002,46.235001,45.302502,46.205002,44.527962,163210000
04-12-2018,45.237499,45.5975,44.067501,44.172501,42.569229,165377200
06-12-2018,42.939999,43.695,42.605,43.68,42.094601,172393600
07-12-2018,43.372501,43.622501,42.075001,42.122501,40.593632,169126400
10-12-2018,41.25,42.522499,40.8325,42.400002,40.861061,248104000
11-12-2018,42.915001,42.947498,41.75,42.157501,40.627369,189126800
12-12-2018,42.599998,42.98,42.255001,42.275002,40.740593,142510800
13-12-2018,42.622501,43.142502,42.387501,42.737499,41.186317,127594400
14-12-2018,42.25,42.27,41.32,41.369999,39.868443,162814800
17-12-2018,41.362499,42.087502,40.682499,40.985001,39.497417,177151600
18-12-2018,41.345001,41.8825,41.0975,41.517502,40.010605,135366000
19-12-2018,41.5,41.862499,39.772499,40.2225,38.7626,196189200
20-12-2018,40.099998,40.5275,38.825001,39.2075,37.784439,259092000
21-12-2018,39.215,39.540001,37.407501,37.682499,36.314789,382978400
24-12-2018,37.037498,37.887501,36.647499,36.7075,35.375175,148676800
26-12-2018,37.075001,39.307499,36.68,39.2925,37.866356,234330000
27-12-2018,38.959999,39.192501,37.517502,39.037498,37.620605,212468400
28-12-2018,39.375,39.630001,38.637501,39.057499,37.639881,169165600
31-12-2018,39.6325,39.84,39.119999,39.435001,38.003685,140014000
02-01-2019,38.7225,39.712502,38.557499,39.48,38.04705,148158800
03-01-2019,35.994999,36.43,35.5,35.547501,34.257282,365248800
04-01-2019,36.1325,37.137501,35.950001,37.064999,35.7197,234428400
07-01-2019,37.174999,37.2075,36.474998,36.982498,35.640198,219111200
08-01-2019,37.389999,37.955002,37.130001,37.6875,36.319603,164101200
09-01-2019,37.822498,38.6325,37.407501,38.327499,36.936378,180396400
10-01-2019,38.125,38.4925,37.715,38.450001,37.05444,143122800
11-01-2019,38.220001,38.424999,37.877499,38.072498,36.690628,108092800
14-01-2019,37.712502,37.817501,37.305,37.5,36.138912,129756800
15-01-2019,37.567501,38.3475,37.512501,38.267502,36.878555,114843600
16-01-2019,38.27,38.970001,38.25,38.735001,37.329086,122278800
17-01-2019,38.549999,39.415001,38.314999,38.965,37.550735,119284800
18-01-2019,39.375,39.470001,38.994999,39.205002,37.782024,135004000
22-01-2019,39.102501,39.182499,38.154999,38.325001,36.933975,121576000
23-01-2019,38.537498,38.785,37.924999,38.48,37.083336,92522400
24-01-2019,38.5275,38.619999,37.935001,38.174999,36.78941,101766000
25-01-2019,38.869999,39.532501,38.580002,39.439999,38.008503,134142000
28-01-2019,38.947498,39.0825,38.415001,39.075001,37.656742,104768400
29-01-2019,39.0625,39.532501,38.5275,38.669998,37.266445,166348800
30-01-2019,40.8125,41.537498,40.057499,41.3125,39.813034,244439200
31-01-2019,41.5275,42.25,41.139999,41.610001,40.099735,162958400
01-02-2019,41.740002,42.244999,41.482498,41.630001,40.119011,130672400
04-02-2019,41.852501,42.915001,41.82,42.8125,41.258583,125982000
05-02-2019,43.215,43.77,43.087502,43.544998,41.964497,144406400
06-02-2019,43.662498,43.892502,43.212502,43.560001,41.978958,112958400
07-02-2019,43.099998,43.485001,42.584999,42.735001,41.18391,126966800
08-02-2019,42.247501,42.665001,42.105,42.602501,41.2323,95280000
11-02-2019,42.762501,42.802502,42.3125,42.357498,40.995178,83973600
12-02-2019,42.525002,42.75,42.424999,42.7225,41.348434,89134000
13-02-2019,42.8475,43.119999,42.48,42.544998,41.176643,89960800
14-02-2019,42.427502,42.814999,42.345001,42.700001,41.326672,87342800
15-02-2019,42.8125,42.924999,42.4375,42.605,41.234715,98507200
19-02-2019,42.427502,42.860001,42.372501,42.732498,41.35812,75891200
20-02-2019,42.797501,43.330002,42.747501,43.0075,41.624268,104457600
21-02-2019,42.950001,43.092499,42.575001,42.764999,41.389565,68998800
22-02-2019,42.895,43.25,42.845001,43.2425,41.851715,75652800
25-02-2019,43.540001,43.967499,43.487499,43.557499,42.156586,87493600
26-02-2019,43.427502,43.825001,43.2925,43.5825,42.180782,68280800
27-02-2019,43.302502,43.75,43.182499,43.717499,42.311436,111341600
28-02-2019,43.580002,43.727501,43.23,43.287498,41.895267,112861600
01-03-2019,43.57,43.787498,43.2225,43.7425,42.335632,103544800
04-03-2019,43.922501,44.4375,43.4925,43.962502,42.54855,109744800
05-03-2019,43.985001,44,43.634998,43.8825,42.47113,78949600
06-03-2019,43.6675,43.872501,43.485001,43.630001,42.226749,83241600
07-03-2019,43.467499,43.610001,43.005001,43.125,41.737991,99185600
08-03-2019,42.580002,43.267502,42.375,43.227501,41.837196,95997600
11-03-2019,43.872501,44.779999,43.837502,44.724998,43.286541,128044000
12-03-2019,45,45.6675,44.842499,45.227501,43.772869,129870400
13-03-2019,45.5625,45.825001,45.23,45.427502,43.966434,124130000
14-03-2019,45.974998,46.025002,45.639999,45.932499,44.455185,94318000
15-03-2019,46.212502,46.8325,45.935001,46.529999,45.033482,156171600
18-03-2019,46.450001,47.0975,46.447498,47.005001,45.493202,104879200
19-03-2019,47.087502,47.247501,46.48,46.6325,45.132687,126585600
20-03-2019,46.557499,47.372501,46.182499,47.040001,45.527084,124140800
21-03-2019,47.505001,49.0825,47.452499,48.772499,47.203854,204136800
22-03-2019,48.834999,49.422501,47.695,47.762501,46.226334,169630800
25-03-2019,47.877499,47.994999,46.650002,47.185001,45.667412,175381200
26-03-2019,47.915001,48.220001,46.145,46.697498,45.195591,199202000
27-03-2019,47.1875,47.439999,46.637501,47.1175,45.602085,119393600
28-03-2019,47.237499,47.389999,46.8825,47.18,45.662575,83121600
29-03-2019,47.4575,47.52,47.134998,47.487499,45.960178,94256000
01-04-2019,47.91,47.919998,47.095001,47.810001,46.27232,111448000
02-04-2019,47.772499,48.615002,47.762501,48.505001,46.944958,91062800
03-04-2019,48.3125,49.125,48.287498,48.837502,47.266762,93087200
04-04-2019,48.697498,49.092499,48.285,48.922501,47.349022,76457200
05-04-2019,49.112499,49.275002,48.982498,49.25,47.665997,74106400
08-04-2019,49.105,50.057499,49.084999,50.025002,48.416065,103526800
09-04-2019,50.080002,50.712502,49.807499,49.875,48.270889,143072800
10-04-2019,49.669998,50.185001,49.544998,50.154999,48.541885,86781200
11-04-2019,50.212502,50.25,49.610001,49.737499,48.137821,83603200
12-04-2019,49.799999,50.035,49.052502,49.717499,48.118462,111042800
15-04-2019,49.645,49.962502,49.502499,49.807499,48.205559,70146400
16-04-2019,49.865002,50.342499,49.639999,49.8125,48.2104,102785600
17-04-2019,49.884998,50.845001,49.6525,50.782501,49.1492,115627200
18-04-2019,50.779999,51.037498,50.630001,50.965,49.325836,96783200
22-04-2019,50.7075,51.235001,50.584999,51.1325,49.487949,77758000
23-04-2019,51.107498,51.9375,50.974998,51.869999,50.201733,93292000
24-04-2019,51.84,52.119999,51.762501,51.790001,50.124298,70162400
25-04-2019,51.7075,51.939999,51.279999,51.32,49.669418,74172800
26-04-2019,51.224998,51.25,50.529999,51.075001,49.432304,74596400
29-04-2019,51.099998,51.4925,50.965,51.1525,49.507305,88818800
30-04-2019,50.764999,50.849998,49.7775,50.1675,48.553978,186139600
01-05-2019,52.470001,53.827499,52.307499,52.630001,50.93729,259309200
02-05-2019,52.459999,53.162498,52.032501,52.287498,50.605804,127985200
03-05-2019,52.7225,52.959999,52.557499,52.9375,51.234894,83569600
06-05-2019,51.072498,52.209999,50.875,52.119999,50.443684,129772400
07-05-2019,51.470001,51.855,50.2075,50.715,49.083878,155054800
08-05-2019,50.474998,51.334999,50.4375,50.724998,49.093559,105358000
09-05-2019,50.099998,50.419998,49.165001,50.18,48.56609,139634400
10-05-2019,49.355,49.712502,48.192501,49.294998,47.893272,164834800
13-05-2019,46.927502,47.369999,45.712502,46.43,45.109749,229722400
14-05-2019,46.602501,47.424999,46.352501,47.165001,45.823849,146118800
15-05-2019,46.567501,47.9375,46.505001,47.73,46.372772,106178800
16-05-2019,47.477501,48.1175,47.209999,47.52,46.168751,132125600
17-05-2019,46.732498,47.724998,46.689999,47.25,45.906429,131516400
20-05-2019,45.880001,46.087502,45.07,45.772499,44.470943,154449200
21-05-2019,46.305,47,46.174999,46.650002,45.323498,113459200
22-05-2019,46.165001,46.427502,45.637501,45.695,44.395649,118994400
23-05-2019,44.950001,45.134998,44.452499,44.915001,43.637829,146118800
24-05-2019,45.049999,45.535,44.654999,44.7425,43.47023,94858800
28-05-2019,44.73,45.147499,44.477501,44.557499,43.290485,111792800
29-05-2019,44.105,44.837502,44,44.345001,43.084034,113924800
30-05-2019,44.487499,44.807499,44.1675,44.575001,43.307487,84873600
31-05-2019,44.057499,44.497501,43.747501,43.767502,42.522957,108174400
03-06-2019,43.900002,44.48,42.567501,43.325001,42.093033,161584400
04-06-2019,43.860001,44.9575,43.630001,44.91,43.632965,123872000
05-06-2019,46.07,46.247501,45.285,45.634998,44.337349,119093600
06-06-2019,45.77,46.3675,45.537498,46.305,44.9883,90105200
07-06-2019,46.627499,47.98,46.442501,47.537498,46.185757,122737600
10-06-2019,47.952499,48.842499,47.904999,48.145,46.775978,104883600
11-06-2019,48.715,49,48.400002,48.702499,47.317627,107731600
12-06-2019,48.487499,48.9925,48.3475,48.547501,47.16703,73012800
13-06-2019,48.674999,49.197498,48.400002,48.537498,47.157314,86698400
14-06-2019,47.887501,48.397499,47.575001,48.185001,46.814842,75046000
17-06-2019,48.224998,48.740002,48.0425,48.4725,47.094162,58676400
18-06-2019,49.012501,50.072498,48.802502,49.612499,48.201752,106204000
19-06-2019,49.919998,49.970001,49.327499,49.467499,48.060863,84496800
20-06-2019,50.092499,50.1525,49.5075,49.865002,48.447071,86056000
21-06-2019,49.700001,50.212502,49.537498,49.695,48.281906,191202400
24-06-2019,49.634998,50.040001,49.5425,49.645,48.233334,72881600
25-06-2019,49.607498,49.814999,48.822498,48.892502,47.502224,84281200
26-06-2019,49.442501,50.247501,49.337502,49.950001,48.529652,104270000
27-06-2019,50.072498,50.392502,49.892502,49.935001,48.515083,83598800
28-06-2019,49.669998,49.875,49.262501,49.48,48.073021,124442400
01-07-2019,50.7925,51.122501,50.162498,50.387501,48.954712,109012000
02-07-2019,50.352501,50.782501,50.34,50.682499,49.241322,67740800
03-07-2019,50.82,51.110001,50.672501,51.102501,49.649376,45448000
05-07-2019,50.837502,51.27,50.724998,51.057499,49.605663,69062000
08-07-2019,50.202499,50.349998,49.602501,50.005001,48.58308,101354400
09-07-2019,49.799999,50.377499,49.702499,50.310001,48.879417,82312000
10-07-2019,50.462502,50.932499,50.389999,50.807499,49.362762,71588400
11-07-2019,50.827499,51.0975,50.427502,50.4375,49.003288,80767200
12-07-2019,50.612499,51,50.549999,50.825001,49.379772,70380800
15-07-2019,51.022499,51.467499,51,51.302502,49.843689,67789600
16-07-2019,51.147499,51.5275,50.875,51.125,49.671246,67467200
17-07-2019,51.012501,51.272499,50.817501,50.837502,49.391918,56430000
18-07-2019,51,51.470001,50.924999,51.415001,49.952991,74162400
19-07-2019,51.447498,51.625,50.59,50.647499,49.207317,83717200
22-07-2019,50.912498,51.807499,50.9025,51.805,50.331902,89111600
23-07-2019,52.115002,52.227501,51.822498,52.209999,50.725391,73420800
24-07-2019,51.9175,52.287498,51.7925,52.1675,50.684105,59966400
25-07-2019,52.2225,52.310001,51.682499,51.755001,50.283337,55638400
26-07-2019,51.869999,52.432499,51.785,51.935001,50.458206,70475600
29-07-2019,52.115002,52.66,52.110001,52.419998,50.929409,86693600
30-07-2019,52.189999,52.540001,51.827499,52.195,50.710815,135742800
31-07-2019,54.105,55.342499,52.825001,53.259998,51.745533,277125600
01-08-2019,53.474998,54.5075,51.685001,52.107498,50.625801,216071600
02-08-2019,51.3825,51.607498,50.407501,51.005001,49.554649,163448400
05-08-2019,49.497501,49.662498,48.145,48.334999,46.960567,209572000
06-08-2019,49.077499,49.517502,48.509998,49.25,47.849552,143299200
07-08-2019,48.852501,49.889999,48.455002,49.759998,48.345047,133457600
08-08-2019,50.049999,50.8825,49.8475,50.857498,49.41135,108038000
09-08-2019,50.325001,50.689999,49.822498,50.247501,49.004185,98478800
12-08-2019,49.904999,50.512501,49.787498,50.119999,48.879818,89927600
13-08-2019,50.255001,53.035,50.119999,52.2425,50.94981,188874000
14-08-2019,50.790001,51.610001,50.647499,50.6875,49.433281,146189600
15-08-2019,50.865002,51.285,49.9175,50.435001,49.187038,108909600
16-08-2019,51.07,51.790001,50.959999,51.625,50.347595,110481600
19-08-2019,52.654999,53.182499,52.5075,52.587502,51.286278,97654400
20-08-2019,52.720001,53.337502,52.580002,52.59,51.288715,107537200
21-08-2019,53.247501,53.412498,52.900002,53.16,51.844608,86141600
22-08-2019,53.297501,53.610001,52.6875,53.115002,51.800724,89014800
23-08-2019,52.357498,53.012501,50.25,50.66,49.406475,187272000
26-08-2019,51.465,51.797501,51.264999,51.622501,50.34515,104174400
27-08-2019,51.965,52.137501,50.8825,51.040001,49.777061,103493200
28-08-2019,51.025002,51.43,50.830002,51.3825,50.111088,63755200
29-08-2019,52.125,52.330002,51.665001,52.252499,50.959572,83962000
30-08-2019,52.540001,52.612499,51.799999,52.185001,50.893734,84573600
03-09-2019,51.607498,51.744999,51.055,51.424999,50.152534,80092000
04-09-2019,52.0975,52.369999,51.830002,52.297501,51.003452,76752400
05-09-2019,53,53.4925,52.877499,53.32,52.000648,95654800
06-09-2019,53.512501,53.605,53.127499,53.314999,51.99577,77449200
09-09-2019,53.709999,54.110001,52.767502,53.5425,52.217651,109237600
10-09-2019,53.465,54.195,52.927502,54.174999,52.834496,127111600
11-09-2019,54.517502,55.927502,54.432499,55.897499,54.51437,177158400
12-09-2019,56.200001,56.605,55.715,55.772499,54.392467,128906800
13-09-2019,55,55.197498,54.255001,54.6875,53.334309,159053200
16-09-2019,54.432499,55.032501,54.389999,54.974998,53.614708,84632400
17-09-2019,54.990002,55.205002,54.779999,55.174999,53.80975,73274800
18-09-2019,55.264999,55.712502,54.860001,55.692501,54.314445,101360000
19-09-2019,55.502499,55.939999,55.092499,55.240002,53.873135,88242400
20-09-2019,55.345001,55.639999,54.3675,54.432499,53.085621,221652400
23-09-2019,54.737499,54.959999,54.412498,54.68,53.327,76662000
24-09-2019,55.2575,55.622501,54.297501,54.419998,53.073429,124763200
25-09-2019,54.637501,55.375,54.285,55.2575,53.890209,87613600
26-09-2019,55,55.235001,54.7075,54.9725,53.612263,75334000
27-09-2019,55.134998,55.240002,54.32,54.705002,53.351379,101408000
30-09-2019,55.224998,56.145,55.197498,55.9925,54.607025,103909600
01-10-2019,56.267502,57.055,56.049999,56.147499,54.758183,139223200
02-10-2019,55.764999,55.895,54.482498,54.740002,53.385521,138449200
03-10-2019,54.607498,55.240002,53.782501,55.205002,53.839008,114426000
04-10-2019,56.41,56.872501,55.9725,56.752499,55.348213,138478800
07-10-2019,56.567501,57.482498,56.459999,56.764999,55.360401,122306000
08-10-2019,56.455002,57.014999,56.0825,56.099998,54.711861,111820000
09-10-2019,56.7575,56.947498,56.41,56.7575,55.353092,74770400
10-10-2019,56.982498,57.610001,56.825001,57.522499,56.099167,113013600
11-10-2019,58.237499,59.41,58.077499,59.052502,57.591305,166795600
14-10-2019,58.724998,59.532501,58.6675,58.967499,57.5084,96427600
15-10-2019,59.0975,59.412498,58.720001,58.830002,57.37431,87360000
16-10-2019,58.342499,58.810001,58.299999,58.592499,57.142689,73903200
17-10-2019,58.772499,59.037498,58.380001,58.82,57.364555,67585200
18-10-2019,58.647499,59.395,58.572498,59.102501,57.640064,97433600
21-10-2019,59.380001,60.247501,59.330002,60.127499,58.639706,87247200
22-10-2019,60.290001,60.549999,59.904999,59.990002,58.505611,82293600
23-10-2019,60.525002,60.810001,60.305,60.794998,59.290684,75828800
24-10-2019,61.127499,61.200001,60.452499,60.895,59.38821,69275200
25-10-2019,60.790001,61.682499,60.720001,61.645,60.119648,73477200
28-10-2019,61.855,62.3125,61.68,62.262501,60.721874,96572800
29-10-2019,62.2425,62.4375,60.642502,60.822498,59.317509,142839600
30-10-2019,61.189999,61.325001,60.302502,60.814999,59.310196,124522000
31-10-2019,61.810001,62.2925,59.314999,62.189999,60.651176,139162000
01-11-2019,62.384998,63.982498,62.290001,63.955002,62.372498,151125200
04-11-2019,64.332497,64.462502,63.845001,64.375,62.782112,103272000
05-11-2019,64.262497,64.547501,64.080002,64.282501,62.691898,79897600
06-11-2019,64.192497,64.372498,63.842499,64.309998,62.718716,75864400
07-11-2019,64.684998,65.087502,64.527496,64.857498,63.442566,94940400
08-11-2019,64.672501,65.110001,64.212502,65.035004,63.616188,69986400
11-11-2019,64.574997,65.6175,64.57,65.550003,64.119972,81821200
12-11-2019,65.387497,65.697502,65.230003,65.489998,64.061264,87388800
13-11-2019,65.282501,66.195,65.267502,66.1175,64.675079,102734400
14-11-2019,65.9375,66.220001,65.525002,65.660004,64.227554,89182800
15-11-2019,65.919998,66.445,65.752502,66.440002,64.990532,100206400
18-11-2019,66.449997,66.857498,66.057503,66.775002,65.318253,86703200
19-11-2019,66.974998,67,66.347504,66.572502,65.120148,76167200
20-11-2019,66.385002,66.519997,65.099998,65.797501,64.362061,106234400
21-11-2019,65.922501,66.002502,65.294998,65.502502,64.073502,121395200
22-11-2019,65.647499,65.794998,65.209999,65.445,64.017242,65325200
25-11-2019,65.677498,66.610001,65.629997,66.592499,65.139725,84020400
26-11-2019,66.735001,66.790001,65.625,66.072502,64.63105,105207600
27-11-2019,66.394997,66.995003,66.327499,66.959999,65.499207,65235600
29-11-2019,66.650002,67,66.474998,66.8125,65.354919,46617600
02-12-2019,66.817497,67.0625,65.862503,66.040001,64.599274,94487200
03-12-2019,64.577499,64.8825,64.072502,64.862503,63.447456,114430400
04-12-2019,65.267502,65.827499,65.169998,65.434998,64.007469,67181600
05-12-2019,65.947502,66.472504,65.682503,66.394997,64.946518,74424400
06-12-2019,66.870003,67.75,66.824997,67.677498,66.201057,106075600
09-12-2019,67.5,67.699997,66.227501,66.730003,65.274208,128042400
10-12-2019,67.150002,67.517502,66.464996,67.120003,65.655716,90420400
11-12-2019,67.202499,67.775002,67.125,67.692497,66.215714,78756800
12-12-2019,66.945,68.139999,66.830002,67.864998,66.38446,137310400
13-12-2019,67.864998,68.824997,67.732498,68.787498,67.286835,133587600
16-12-2019,69.25,70.197502,69.245003,69.964996,68.438637,128186000
17-12-2019,69.892502,70.442497,69.699997,70.102501,68.573135,114158400
18-12-2019,69.949997,70.474998,69.779999,69.934998,68.409294,116028400
19-12-2019,69.875,70.294998,69.737503,70.004997,68.477783,98369200
20-12-2019,70.557503,70.662498,69.639999,69.860001,68.335938,275978000
23-12-2019,70.1325,71.0625,70.092499,71,69.451073,98572000
24-12-2019,71.172501,71.222504,70.730003,71.067497,69.517082,48478800
26-12-2019,71.205002,72.495003,71.175003,72.477501,70.896332,93121200
27-12-2019,72.779999,73.4925,72.029999,72.449997,70.869423,146266000
30-12-2019,72.364998,73.172501,71.305,72.879997,71.290047,144114400
31-12-2019,72.482498,73.419998,72.379997,73.412498,71.810936,100805600
02-01-2020,74.059998,75.150002,73.797501,75.087502,73.449394,135480400
03-01-2020,74.287498,75.144997,74.125,74.357498,72.735313,146322800
06-01-2020,73.447502,74.989998,73.1875,74.949997,73.31488,118387200
07-01-2020,74.959999,75.224998,74.370003,74.597504,72.970085,108872000
08-01-2020,74.290001,76.110001,74.290001,75.797501,74.143898,132079200
09-01-2020,76.809998,77.607498,76.550003,77.407501,75.718781,170108400
10-01-2020,77.650002,78.167503,77.0625,77.582497,75.889954,140644800
13-01-2020,77.910004,79.267502,77.787498,79.239998,77.511292,121532000
14-01-2020,79.175003,79.392502,78.042503,78.169998,76.46463,161954400
15-01-2020,77.962502,78.875,77.387497,77.834999,76.136971,121923600
16-01-2020,78.397499,78.925003,78.022499,78.809998,77.090675,108829200
17-01-2020,79.067497,79.684998,78.75,79.682503,77.944145,137816400
21-01-2020,79.297501,79.754997,79,79.142502,77.415932,110843200
22-01-2020,79.644997,79.997498,79.327499,79.425003,77.692261,101832400
23-01-2020,79.480003,79.889999,78.912498,79.807503,78.066429,104472000
24-01-2020,80.0625,80.832497,79.379997,79.577499,77.841423,146537600
27-01-2020,77.514999,77.942497,76.220001,77.237503,75.552483,161940000
28-01-2020,78.150002,79.599998,78.047501,79.422501,77.689819,162234000
29-01-2020,81.112503,81.962502,80.345001,81.084999,79.316048,216229200
30-01-2020,80.135002,81.022499,79.6875,80.967499,79.201111,126743200
31-01-2020,80.232498,80.669998,77.072502,77.377502,75.689438,199588400
03-02-2020,76.074997,78.372498,75.555,77.165001,75.48156,173788400
04-02-2020,78.827499,79.910004,78.407501,79.712502,77.973495,136616400
05-02-2020,80.879997,81.190002,79.737503,80.362503,78.609322,118826800
06-02-2020,80.642502,81.305,80.065002,81.302498,79.528793,105425600
07-02-2020,80.592499,80.849998,79.5,80.0075,78.4478,117684000
10-02-2020,78.544998,80.387497,78.462502,80.387497,78.820374,109348800
11-02-2020,80.900002,80.974998,79.677498,79.902496,78.344841,94323200
12-02-2020,80.3675,81.805,80.3675,81.800003,80.205353,113730400
13-02-2020,81.047501,81.555,80.837502,81.217499,79.634209,94747600
14-02-2020,81.184998,81.495003,80.712502,81.237503,79.653816,80113600
18-02-2020,78.839996,79.9375,78.652496,79.75,78.195313,152531200
19-02-2020,80,81.142502,80,80.904999,79.327812,93984000
20-02-2020,80.657501,81.162498,79.552498,80.074997,78.513969,100566000
21-02-2020,79.654999,80.112503,77.625,78.262497,76.736801,129554000
24-02-2020,74.315002,76.044998,72.307503,74.544998,73.091774,222195200
25-02-2020,75.237503,75.6325,71.532501,72.019997,70.61602,230673600
26-02-2020,71.6325,74.470001,71.625,73.162498,71.736229,198054800
27-02-2020,70.275002,71.5,68.239998,68.379997,67.046959,320605600
28-02-2020,64.315002,69.602501,64.092499,68.339996,67.007744,426510000
02-03-2020,70.57,75.360001,69.43,74.702499,73.246208,341397200
03-03-2020,75.917503,76,71.449997,72.330002,70.91996,319475600
04-03-2020,74.110001,75.849998,73.282501,75.684998,74.209564,219178400
05-03-2020,73.879997,74.887497,72.852501,73.230003,71.802429,187572800
06-03-2020,70.5,72.705002,70.307503,72.2575,70.848885,226176800
09-03-2020,65.9375,69.522499,65.75,66.542503,65.245293,286744800
10-03-2020,69.285004,71.610001,67.342499,71.334999,69.944351,285290000
11-03-2020,69.347504,70.305,67.964996,68.857498,67.515152,255598800
12-03-2020,63.985001,67.5,62,62.057499,60.847721,418474000
13-03-2020,66.222504,69.980003,63.237499,69.4925,68.137787,370732000
16-03-2020,60.487499,64.769997,60,60.552502,59.372059,322423600
17-03-2020,61.877499,64.402496,59.599998,63.215,61.982655,324056000
18-03-2020,59.942501,62.5,59.279999,61.6675,60.465321,300233600
19-03-2020,61.8475,63.209999,60.6525,61.195,60.002033,271857200
20-03-2020,61.794998,62.9575,57,57.310001,56.192776,401693200
23-03-2020,57.02,57.125,53.1525,56.092499,54.999012,336752800
24-03-2020,59.09,61.922501,58.575001,61.720001,60.516804,287531200
25-03-2020,62.6875,64.5625,61.075001,61.380001,60.18343,303602000
26-03-2020,61.630001,64.669998,61.59,64.610001,63.35046,252087200
27-03-2020,63.1875,63.967499,61.762501,61.935001,60.727615,204216800
30-03-2020,62.685001,63.880001,62.349998,63.702499,62.460651,167976400
31-03-2020,63.900002,65.622498,63,63.572498,62.333195,197002000
01-04-2020,61.625,62.18,59.782501,60.227501,59.053394,176218400
02-04-2020,60.084999,61.287498,59.224998,61.232498,60.038803,165934000
03-04-2020,60.700001,61.424999,59.7425,60.352501,59.175957,129880000
06-04-2020,62.724998,65.777496,62.345001,65.6175,64.338326,201820400
07-04-2020,67.699997,67.925003,64.75,64.857498,63.593136,202887200
08-04-2020,65.684998,66.842499,65.307503,66.517502,65.220787,168895200
09-04-2020,67.175003,67.517502,66.175003,66.997498,65.691422,161834800
13-04-2020,67.077499,68.425003,66.457497,68.3125,66.980789,131022800
14-04-2020,70,72.0625,69.512497,71.762497,70.363525,194994800
15-04-2020,70.599998,71.582497,70.157501,71.107498,69.721298,131154400
16-04-2020,71.845001,72.050003,70.587502,71.672501,70.275276,157125200
17-04-2020,71.172501,71.737503,69.214996,70.699997,69.321739,215250000
20-04-2020,69.487503,70.419998,69.212502,69.232498,67.882851,130015200
21-04-2020,69.07,69.3125,66.357498,67.092499,65.784569,180991600
22-04-2020,68.402496,69.474998,68.050003,69.025002,67.67939,116862400
23-04-2020,68.967499,70.4375,68.717499,68.7575,67.417099,124814400
24-04-2020,69.300003,70.752502,69.25,70.7425,69.363411,126161200
27-04-2020,70.449997,71.135002,69.987503,70.792503,69.412437,117087600
28-04-2020,71.269997,71.457497,69.550003,69.644997,68.2873,112004800
29-04-2020,71.182503,72.417503,70.972504,71.932503,70.53022,137280800
30-04-2020,72.489998,73.6325,72.087502,73.449997,72.018135,183064000
01-05-2020,71.5625,74.75,71.462502,72.267502,70.858688,240616800
04-05-2020,72.292503,73.422501,71.580002,73.290001,71.861252,133568000
05-05-2020,73.764999,75.25,73.614998,74.389999,72.939789,147751200
06-05-2020,75.114998,75.809998,74.717499,75.157501,73.692322,142333600
07-05-2020,75.805,76.292503,75.4925,75.934998,74.454689,115215200
08-05-2020,76.410004,77.587502,76.072502,77.532501,76.22683,133838400
11-05-2020,77.025002,79.262497,76.809998,78.752502,77.426285,145946400
12-05-2020,79.457497,79.922501,77.727501,77.852501,76.541443,162301200
13-05-2020,78.037498,78.987503,75.802498,76.912498,75.617287,200622400
14-05-2020,76.127502,77.447502,75.3825,77.385002,76.081818,158929200
15-05-2020,75.087502,76.974998,75.052498,76.927498,75.632027,166348400
18-05-2020,78.292503,79.125,77.580002,78.739998,77.414001,135178400
19-05-2020,78.7575,79.629997,78.252502,78.285004,76.966675,101729600
20-05-2020,79.169998,79.879997,79.129997,79.807503,78.463524,111504800
21-05-2020,79.665001,80.222504,78.967499,79.212502,77.878532,102688800
22-05-2020,78.942497,79.807503,78.837502,79.722504,78.379959,81803200
26-05-2020,80.875,81.059998,79.125,79.182503,77.849045,125522000
27-05-2020,79.035004,79.677498,78.272499,79.527496,78.188232,112945200
28-05-2020,79.192497,80.860001,78.907501,79.5625,78.222649,133560800
29-05-2020,79.8125,80.287498,79.1175,79.485001,78.146446,153532400
01-06-2020,79.4375,80.587502,79.302498,80.462502,79.107483,80791200
02-06-2020,80.1875,80.860001,79.732498,80.834999,79.473717,87642800
03-06-2020,81.165001,81.550003,80.574997,81.279999,79.911224,104491200
04-06-2020,81.097504,81.404999,80.195,80.580002,79.223015,87560400
05-06-2020,80.837502,82.9375,80.807503,82.875,81.479378,137250400
08-06-2020,82.5625,83.400002,81.830002,83.364998,81.961105,95654400
09-06-2020,83.035004,86.402496,83.002502,85.997498,84.549278,147712400
10-06-2020,86.974998,88.692497,86.522499,88.209999,86.724518,166651600
11-06-2020,87.327499,87.764999,83.870003,83.974998,82.560837,201662400
12-06-2020,86.18,86.949997,83.555,84.699997,83.273628,200146000
15-06-2020,83.3125,86.419998,83.144997,85.747498,84.30349,138808800
16-06-2020,87.864998,88.300003,86.18,88.019997,86.537712,165428800
17-06-2020,88.787498,88.849998,87.772499,87.897499,86.41729,114406400
18-06-2020,87.852501,88.362503,87.305,87.932503,86.451691,96820400
19-06-2020,88.660004,89.139999,86.287498,87.43,85.957649,264476000
22-06-2020,87.834999,89.864998,87.787498,89.717499,88.206627,135445200
23-06-2020,91,93.095001,90.567497,91.6325,90.089394,212155600
24-06-2020,91.25,92.197502,89.629997,90.014999,88.499115,192623200
25-06-2020,90.175003,91.25,89.392502,91.209999,89.673996,137522400
26-06-2020,91.102501,91.330002,88.254997,88.407501,86.918694,205256800
29-06-2020,88.3125,90.542503,87.82,90.445,88.92189,130646000
30-06-2020,90.019997,91.495003,90,91.199997,89.664169,140223200
01-07-2020,91.279999,91.839996,90.977501,91.027496,89.494576,110737200
02-07-2020,91.962502,92.6175,90.910004,91.027496,89.494576,114041600
06-07-2020,92.5,93.945,92.467499,93.462502,91.888573,118655600
07-07-2020,93.852501,94.654999,93.057503,93.172501,91.603439,112424400
08-07-2020,94.18,95.375,94.089996,95.342499,93.736893,117092000
09-07-2020,96.262497,96.317497,94.672501,95.752502,94.140007,125642800
10-07-2020,95.334999,95.980003,94.705002,95.919998,94.304688,90257200
13-07-2020,97.264999,99.955002,95.2575,95.477501,93.869637,191649200
14-07-2020,94.839996,97.254997,93.877502,97.057503,95.423027,170989200
15-07-2020,98.989998,99.247498,96.489998,97.724998,96.079277,153198000
16-07-2020,96.5625,97.404999,95.904999,96.522499,94.897034,110577600
17-07-2020,96.987503,97.147499,95.839996,96.327499,94.705322,92186800
20-07-2020,96.417503,98.5,96.0625,98.357498,96.701134,90318000
21-07-2020,99.172501,99.25,96.7425,97,95.366486,103433200
22-07-2020,96.692497,97.974998,96.602501,97.272499,95.634399,89001600
23-07-2020,96.997498,97.077499,92.010002,92.845001,91.281464,197004400
24-07-2020,90.987503,92.970001,89.144997,92.614998,91.055344,185438800
27-07-2020,93.709999,94.904999,93.480003,94.809998,93.213371,121214000
28-07-2020,94.3675,94.550003,93.247498,93.252502,91.682114,103625600
29-07-2020,93.75,95.230003,93.712502,95.040001,93.439491,90329200
30-07-2020,94.1875,96.297501,93.767502,96.190002,94.570137,158130000
31-07-2020,102.885002,106.415001,100.824997,106.260002,104.470558,374336800
03-08-2020,108.199997,111.637497,107.892502,108.9375,107.102951,308151200
04-08-2020,109.1325,110.790001,108.387497,109.665001,107.818207,173071600
05-08-2020,109.377502,110.392502,108.897499,110.0625,108.209015,121776800
06-08-2020,110.404999,114.412498,109.797501,113.902496,111.984344,202428800
07-08-2020,113.205002,113.675003,110.292503,111.112503,109.438293,198045600
10-08-2020,112.599998,113.775002,110,112.727501,111.028969,212403600
11-08-2020,111.970001,112.482498,109.107498,109.375,107.726967,187902400
12-08-2020,110.497498,113.275002,110.297501,113.010002,111.307213,165598000
13-08-2020,114.43,116.042503,113.927498,115.010002,113.277069,210082000
14-08-2020,114.830002,115,113.044998,114.907501,113.176125,165565200
17-08-2020,116.0625,116.087502,113.962502,114.607498,112.880623,119561600
18-08-2020,114.352501,116,114.0075,115.5625,113.821251,105633600
19-08-2020,115.982498,117.162498,115.610001,115.707497,113.964066,145538000
20-08-2020,115.75,118.392502,115.732498,118.275002,116.492882,126907200
21-08-2020,119.262497,124.8675,119.25,124.370003,122.49604,338054800
24-08-2020,128.697495,128.785004,123.9375,125.857498,123.961128,345937600
25-08-2020,124.697502,125.18,123.052498,124.824997,122.944176,211495600
26-08-2020,126.18,126.9925,125.082497,126.522499,124.616119,163022400
27-08-2020,127.142502,127.485001,123.832497,125.010002,123.126404,155552400
28-08-2020,126.012497,126.442497,124.577499,124.807503,122.926956,187630000
31-08-2020,127.580002,131,126,129.039993,127.095673,225702700
01-09-2020,132.759995,134.800003,130.529999,134.179993,132.158234,151948100
02-09-2020,137.589996,137.979996,127,131.399994,129.420105,200119000
03-09-2020,126.910004,128.839996,120.5,120.879997,119.058632,257599600
04-09-2020,120.07,123.699997,110.889999,120.959999,119.137428,332607200
08-09-2020,113.949997,118.989998,112.68,112.82,111.120079,231366600
09-09-2020,117.260002,119.139999,115.260002,117.32,115.552261,176940500
10-09-2020,120.360001,120.5,112.5,113.489998,111.779968,182274400
11-09-2020,114.57,115.230003,110,112,110.312416,180860300
14-09-2020,114.720001,115.93,112.800003,115.360001,113.621796,140150100
15-09-2020,118.330002,118.830002,113.610001,115.540001,113.799095,184642000
16-09-2020,115.230003,116,112.040001,112.129997,110.44046,154679000
17-09-2020,109.720001,112.199997,108.709999,110.339996,108.677429,178011000
18-09-2020,110.400002,110.879997,106.089996,106.839996,105.230179,287104900
21-09-2020,104.540001,110.190002,103.099998,110.080002,108.421356,195713800
22-09-2020,112.68,112.860001,109.160004,111.809998,110.125282,183055400
23-09-2020,111.620003,112.110001,106.769997,107.120003,105.505959,150718700
24-09-2020,105.169998,110.25,105,108.220001,106.589378,167743300
25-09-2020,108.43,112.440002,107.669998,112.279999,110.588219,149981400
28-09-2020,115.010002,115.32,112.779999,114.959999,113.227829,137672400
29-09-2020,114.550003,115.309998,113.57,114.089996,112.370918,99382200
30-09-2020,113.790001,117.260002,113.620003,115.809998,114.065018,142675200
01-10-2020,117.639999,117.720001,115.830002,116.790001,115.030258,116120400
02-10-2020,112.889999,115.370003,112.220001,113.019997,111.317062,144712000
05-10-2020,113.910004,116.650002,113.550003,116.5,114.744629,106243800
06-10-2020,115.699997,116.120003,112.25,113.160004,111.454948,161498200
07-10-2020,114.620003,115.550003,114.129997,115.080002,113.346031,96849000
08-10-2020,116.25,116.400002,114.589996,114.970001,113.237671,83477200
09-10-2020,115.279999,117,114.919998,116.970001,115.207535,100506900
12-10-2020,120.059998,125.18,119.279999,124.400002,122.525597,240226800
13-10-2020,125.269997,125.389999,119.650002,121.099998,119.275314,262330500
14-10-2020,121,123.029999,119.620003,121.190002,119.36396,150712000
15-10-2020,118.720001,121.199997,118.150002,120.709999,118.891182,112559200
16-10-2020,121.279999,121.550003,118.809998,119.019997,117.226639,115393800
19-10-2020,119.959999,120.419998,115.660004,115.980003,114.232452,120639300
20-10-2020,116.199997,118.980003,115.629997,117.510002,115.739403,124423700
21-10-2020,116.669998,118.709999,116.449997,116.870003,115.109047,89946000
22-10-2020,117.449997,118.040001,114.589996,115.75,114.00592,101988000
23-10-2020,116.389999,116.550003,114.279999,115.040001,113.30661,82572600
26-10-2020,114.010002,116.550003,112.879997,115.050003,113.316467,111850700
27-10-2020,115.489998,117.279999,114.540001,116.599998,114.843109,92276800
28-10-2020,115.050003,115.43,111.099998,111.199997,109.524475,143937800
29-10-2020,112.370003,116.93,112.199997,115.32,113.58239,146129200
30-10-2020,111.059998,111.989998,107.720001,108.860001,107.219749,190272600
02-11-2020,109.110001,110.68,107.32,108.769997,107.131104,122866900
03-11-2020,109.660004,111.489998,108.730003,110.440002,108.775932,107624400
04-11-2020,114.139999,115.589996,112.349998,114.949997,113.217972,138235500
05-11-2020,117.949997,119.620003,116.870003,119.029999,117.236488,126387100
06-11-2020,118.32,119.199997,116.129997,118.690002,117.103302,114457900
09-11-2020,120.5,121.989998,116.050003,116.32,114.764999,154515300
10-11-2020,115.550003,117.589996,114.129997,115.970001,114.41967,138023400
11-11-2020,117.190002,119.629997,116.440002,119.489998,117.892601,112295000
12-11-2020,119.620003,120.529999,118.57,119.209999,117.616371,103162300
13-11-2020,119.440002,119.669998,117.870003,119.260002,117.665688,81581900
16-11-2020,118.919998,120.989998,118.150002,120.300003,118.691772,91183000
17-11-2020,119.550003,120.669998,118.959999,119.389999,117.793945,74271000
18-11-2020,118.610001,119.82,118,118.029999,116.452133,76322100
19-11-2020,117.589996,119.059998,116.809998,118.639999,117.053978,74113000
20-11-2020,118.639999,118.769997,117.290001,117.339996,115.771347,73604300
23-11-2020,117.18,117.620003,113.75,113.849998,112.328011,127959300
24-11-2020,113.910004,115.849998,112.589996,115.169998,113.630356,113874200
25-11-2020,115.550003,116.75,115.169998,116.029999,114.478859,76499200
27-11-2020,116.57,117.489998,116.220001,116.589996,115.03138,46691300
30-11-2020,116.970001,120.970001,116.809998,119.050003,117.458504,169410200
01-12-2020,121.010002,123.470001,120.010002,122.720001,121.079445,127728200
02-12-2020,122.019997,123.370003,120.889999,123.080002,121.434624,89004200
03-12-2020,123.519997,123.779999,122.209999,122.940002,121.296501,78967600
04-12-2020,122.599998,122.860001,121.519997,122.25,120.615715,78260400
07-12-2020,122.309998,124.57,122.25,123.75,122.095665,86712000
08-12-2020,124.370003,124.980003,123.089996,124.379997,122.717239,82225500
09-12-2020,124.529999,125.949997,121,121.779999,120.151993,115089200
10-12-2020,120.5,123.870003,120.150002,123.239998,121.592484,81312200
11-12-2020,122.43,122.760002,120.550003,122.410004,120.773575,86939800
14-12-2020,122.599998,123.349998,121.540001,121.779999,120.151993,79184500
15-12-2020,124.339996,127.900002,124.129997,127.879997,126.170456,157243700
16-12-2020,127.410004,128.369995,126.559998,127.809998,126.101372,98208600
17-12-2020,128.899994,129.580002,128.039993,128.699997,126.979492,94359800
18-12-2020,128.960007,129.100006,126.120003,126.660004,124.966766,192541500
21-12-2020,125.019997,128.309998,123.449997,128.229996,126.51577,121251600
22-12-2020,131.610001,134.410004,129.649994,131.880005,130.116974,168904800
23-12-2020,132.160004,132.429993,130.779999,130.960007,129.20929,88223700
24-12-2020,131.320007,133.460007,131.100006,131.970001,130.20578,54930100
28-12-2020,133.990005,137.339996,133.509995,136.690002,134.862686,124486200
29-12-2020,138.050003,138.789993,134.339996,134.869995,133.066986,121047300
30-12-2020,135.580002,135.990005,133.399994,133.720001,131.932358,96452100
31-12-2020,134.080002,134.740005,131.720001,132.690002,130.916153,99116600
04-01-2021,133.520004,133.610001,126.760002,129.410004,127.679985,143301900
05-01-2021,128.889999,131.740005,128.429993,131.009995,129.258621,97664900
06-01-2021,127.720001,131.050003,126.379997,126.599998,124.907547,155088000
07-01-2021,128.360001,131.630005,127.860001,130.919998,129.16983,109578200
08-01-2021,132.429993,132.630005,130.229996,132.050003,130.284698,105158200
11-01-2021,129.190002,130.169998,128.5,128.979996,127.25573,100384500
12-01-2021,128.5,129.690002,126.860001,128.800003,127.078163,91951100
13-01-2021,128.759995,131.449997,128.490005,130.889999,129.140228,88636800
14-01-2021,130.800003,131,128.759995,128.910004,127.186676,90221800
15-01-2021,128.779999,130.220001,127,127.139999,125.440346,111598500
19-01-2021,127.779999,128.710007,126.940002,127.830002,126.121124,90757300
20-01-2021,128.660004,132.490005,128.550003,132.029999,130.264954,104319500
21-01-2021,133.800003,139.669998,133.589996,136.869995,135.040268,120150900
22-01-2021,136.279999,139.850006,135.020004,139.070007,137.210846,114459400
25-01-2021,143.070007,145.089996,136.539993,142.919998,141.009369,157611700
26-01-2021,143.600006,144.300003,141.369995,143.160004,141.246155,98390600
27-01-2021,143.429993,144.300003,140.410004,142.059998,140.160889,140843800
28-01-2021,139.520004,141.990005,136.699997,137.089996,135.257339,142621100
29-01-2021,135.830002,136.740005,130.210007,131.960007,130.195908,177523800
01-02-2021,133.75,135.380005,130.929993,134.139999,132.346756,106239800
02-02-2021,135.729996,136.309998,134.610001,134.990005,133.18541,83305400
03-02-2021,135.759995,135.770004,133.610001,133.940002,132.149414,89880900
04-02-2021,136.300003,137.399994,134.589996,137.389999,135.553314,84183100
05-02-2021,137.350006,137.419998,135.860001,136.759995,135.133377,75693800
08-02-2021,136.029999,136.960007,134.919998,136.910004,135.281586,71297200
09-02-2021,136.619995,137.880005,135.850006,136.009995,134.392258,76774200
10-02-2021,136.479996,136.990005,134.399994,135.389999,133.779648,73046600
11-02-2021,135.899994,136.389999,133.770004,135.130005,133.522751,64280000
12-02-2021,134.350006,135.529999,133.690002,135.369995,133.759888,60145100
16-02-2021,135.490005,136.009995,132.789993,133.190002,131.605835,80576300
17-02-2021,131.25,132.220001,129.470001,130.839996,129.283752,97918500
18-02-2021,129.199997,130,127.410004,129.710007,128.167236,96856700
19-02-2021,130.240005,130.710007,128.800003,129.869995,128.325317,87668800
22-02-2021,128.009995,129.720001,125.599998,126,124.501358,103916400
23-02-2021,123.760002,126.709999,118.389999,125.860001,124.363014,158273000
24-02-2021,124.940002,125.559998,122.230003,125.349998,123.859077,111039900
25-02-2021,124.68,126.459999,120.540001,120.989998,119.550934,148199500
26-02-2021,122.589996,124.849998,121.199997,121.260002,119.817741,164560400
01-03-2021,123.75,127.93,122.790001,127.790001,126.270073,116307900
02-03-2021,128.410004,128.720001,125.010002,125.120003,123.631821,102260900
03-03-2021,124.809998,125.709999,121.839996,122.059998,120.608208,112966300
04-03-2021,121.75,123.599998,118.620003,120.129997,118.701164,178155000
05-03-2021,120.980003,121.940002,117.57,121.419998,119.975815,153766600
08-03-2021,120.93,121,116.209999,116.360001,114.976006,154376600
09-03-2021,119.029999,122.059998,118.790001,121.089996,119.64975,129525800
10-03-2021,121.690002,122.169998,119.449997,119.980003,118.552956,111943300
11-03-2021,122.540001,123.209999,121.260002,121.959999,120.509399,103026500
12-03-2021,120.400002,121.169998,119.160004,121.029999,119.590454,88105100
15-03-2021,121.410004,124,120.419998,123.989998,122.515251,92403800
16-03-2021,125.699997,127.220001,124.720001,125.57,124.076469,115227900
17-03-2021,124.050003,125.860001,122.339996,124.760002,123.276093,111932600
18-03-2021,122.879997,123.18,120.32,120.529999,119.096405,121229700
19-03-2021,119.900002,121.43,119.68,119.989998,118.562836,185549500
22-03-2021,120.330002,123.870003,120.260002,123.389999,121.922401,111912300
23-03-2021,123.330002,124.239998,122.139999,122.540001,121.082504,95467100
24-03-2021,122.82,122.900002,120.07,120.089996,118.661636,88530500
25-03-2021,119.540001,121.660004,119,120.589996,119.155693,98844700
26-03-2021,120.349998,121.480003,118.919998,121.209999,119.768318,94071200
29-03-2021,121.650002,122.580002,120.730003,121.389999,119.946175,80819200
30-03-2021,120.110001,120.400002,118.860001,119.900002,118.4739,85671900
31-03-2021,121.650002,123.519997,121.150002,122.150002,120.697151,118323800
01-04-2021,123.660004,124.18,122.489998,123,121.537025,75089100
05-04-2021,123.870003,126.160004,123.07,125.900002,124.40255,88651200
06-04-2021,126.5,127.129997,125.650002,126.209999,124.708862,80171300
07-04-2021,125.830002,127.919998,125.139999,127.900002,126.378761,83466700
08-04-2021,128.949997,130.389999,128.520004,130.360001,128.809479,88844600
09-04-2021,129.800003,133.039993,129.470001,133,131.418106,106686700
12-04-2021,132.520004,132.850006,130.630005,131.240005,129.679016,91420000
13-04-2021,132.440002,134.660004,131.929993,134.429993,132.8311,91266500
14-04-2021,134.940002,135,131.660004,132.029999,130.45961,87222800
15-04-2021,133.820007,135,133.639999,134.5,132.900253,89347100
16-04-2021,134.300003,134.669998,133.279999,134.160004,132.564301,84922400
19-04-2021,133.509995,135.470001,133.339996,134.839996,133.236206,94264200
20-04-2021,135.020004,135.529999,131.809998,133.110001,131.52681,94812300
21-04-2021,132.360001,133.75,131.300003,133.5,131.91214,68847100
22-04-2021,133.039993,134.149994,131.410004,131.940002,130.370712,84566500
23-04-2021,132.160004,135.119995,132.160004,134.320007,132.722382,78657500
26-04-2021,134.830002,135.059998,133.559998,134.720001,133.11763,66905100
27-04-2021,135.009995,135.410004,134.110001,134.389999,132.791565,66015800
28-04-2021,134.309998,135.020004,133.080002,133.580002,131.991196,107760100
29-04-2021,136.470001,137.070007,132.449997,133.479996,131.892365,151101000
30-04-2021,131.779999,133.559998,131.070007,131.460007,129.896423,109839500
03-05-2021,132.039993,134.070007,131.830002,132.539993,130.963562,75135100
04-05-2021,131.190002,131.490005,126.699997,127.849998,126.329346,137564700
05-05-2021,129.199997,130.449997,127.970001,128.100006,126.576378,84000900
06-05-2021,127.889999,129.75,127.129997,129.740005,128.196884,78128300
07-05-2021,130.850006,131.259995,129.479996,130.210007,128.879807,78973300
10-05-2021,129.410004,129.539993,126.809998,126.849998,125.554146,88071200
11-05-2021,123.5,126.269997,122.769997,125.910004,124.623756,126142800
12-05-2021,123.400002,124.639999,122.25,122.769997,121.515823,112172300
13-05-2021,124.580002,126.150002,124.260002,124.970001,123.693352,105861300
14-05-2021,126.25,127.889999,125.849998,127.449997,126.147995,81918000
17-05-2021,126.82,126.93,125.169998,126.269997,124.980049,74244600
18-05-2021,126.559998,126.989998,124.779999,124.849998,123.57457,63342900
19-05-2021,123.160004,124.919998,122.860001,124.690002,123.416214,92612000
20-05-2021,125.230003,127.720001,125.099998,127.309998,126.009445,76857100
21-05-2021,127.82,128,125.209999,125.43,124.148651,79295400
24-05-2021,126.010002,127.940002,125.940002,127.099998,125.80159,63092900
25-05-2021,127.82,128.320007,126.32,126.900002,125.60363,72009500
26-05-2021,126.959999,127.389999,126.419998,126.849998,125.554146,56575900
27-05-2021,126.440002,127.639999,125.080002,125.279999,124.000183,94625600
28-05-2021,125.57,125.800003,124.550003,124.610001,123.337021,71311100
01-06-2021,125.080002,125.349998,123.940002,124.279999,123.010399,67637100
02-06-2021,124.279999,125.239998,124.050003,125.059998,123.782433,59278900
03-06-2021,124.68,124.849998,123.129997,123.540001,122.277954,76229200
04-06-2021,124.07,126.160004,123.849998,125.889999,124.603951,75169300
07-06-2021,126.169998,126.32,124.830002,125.900002,124.613853,71057600
08-06-2021,126.599998,128.460007,126.209999,126.739998,125.445274,74403800
09-06-2021,127.209999,127.75,126.519997,127.129997,125.831268,56877900
10-06-2021,127.019997,128.190002,125.940002,126.110001,124.821701,71186400
11-06-2021,126.529999,127.440002,126.099998,127.349998,126.049042,53522400
14-06-2021,127.82,130.539993,127.07,130.479996,129.147049,96906500
15-06-2021,129.940002,130.600006,129.389999,129.639999,128.315643,62746300
16-06-2021,130.369995,130.889999,128.460007,130.149994,128.820419,91815000
17-06-2021,129.800003,132.550003,129.649994,131.789993,130.44368,96721700
18-06-2021,130.710007,131.509995,130.240005,130.460007,129.127243,108953300
21-06-2021,130.300003,132.410004,129.210007,132.300003,130.948471,79663300
22-06-2021,132.130005,134.080002,131.619995,133.979996,132.611298,74783600
23-06-2021,133.770004,134.320007,133.229996,133.699997,132.334183,60214200
24-06-2021,134.449997,134.639999,132.929993,133.410004,132.047119,68711000
25-06-2021,133.460007,133.889999,132.809998,133.110001,131.750198,70783700
28-06-2021,133.410004,135.25,133.350006,134.779999,133.403122,62111300
29-06-2021,134.800003,136.490005,134.350006,136.330002,134.937286,64556100
30-06-2021,136.169998,137.410004,135.869995,136.960007,135.560867,63261400
01-07-2021,136.600006,137.330002,135.759995,137.270004,135.867706,52485800
02-07-2021,137.899994,140,137.75,139.960007,138.530212,78852600
06-07-2021,140.070007,143.149994,140.070007,142.020004,140.569183,108181800
07-07-2021,143.539993,144.889999,142.660004,144.570007,143.09314,104911600
08-07-2021,141.580002,144.059998,140.669998,143.240005,141.776703,105575500
09-07-2021,142.75,145.649994,142.649994,145.110001,143.627625,99890800
12-07-2021,146.210007,146.320007,144,144.5,143.023819,76299700
13-07-2021,144.029999,147.460007,143.630005,145.639999,144.152176,100827100
14-07-2021,148.100006,149.570007,147.679993,149.149994,147.626328,127050800
15-07-2021,149.240005,150,147.089996,148.479996,146.963181,106820300
16-07-2021,148.460007,149.759995,145.880005,146.389999,144.894547,93251400
19-07-2021,143.75,144.070007,141.669998,142.449997,140.994781,121434600
20-07-2021,143.460007,147.100006,142.960007,146.149994,144.656967,96350000
21-07-2021,145.529999,146.130005,144.630005,145.399994,143.914627,74993500
22-07-2021,145.940002,148.199997,145.809998,146.800003,145.300323,77338200
23-07-2021,147.550003,148.720001,146.919998,148.559998,147.042343,71447400
26-07-2021,148.270004,149.830002,147.699997,148.990005,147.467972,72434100
27-07-2021,149.119995,149.210007,145.550003,146.770004,145.27066,104818600
28-07-2021,144.809998,146.970001,142.539993,144.979996,143.498932,118931200
29-07-2021,144.690002,146.550003,144.580002,145.639999,144.152176,56699500
30-07-2021,144.380005,146.330002,144.110001,145.860001,144.369949,70440600
02-08-2021,146.360001,146.949997,145.25,145.520004,144.033417,62880000
03-08-2021,145.809998,148.039993,145.179993,147.360001,145.85463,64786600
04-08-2021,147.270004,147.789993,146.279999,146.949997,145.448822,56368300
05-08-2021,146.979996,147.839996,146.169998,147.059998,145.557693,46397700
06-08-2021,146.350006,147.110001,145.630005,146.139999,144.8638,54126800
09-08-2021,146.199997,146.699997,145.520004,146.089996,144.81424,48908700
10-08-2021,146.440002,147.710007,145.300003,145.600006,144.328506,69023100
11-08-2021,146.050003,146.720001,145.529999,145.860001,144.586258,48493500
12-08-2021,146.190002,149.050003,145.839996,148.889999,147.589813,72282600
13-08-2021,148.970001,149.440002,148.270004,149.100006,147.797974,59375000
16-08-2021,148.539993,151.190002,146.470001,151.119995,149.800308,103296000
17-08-2021,150.229996,151.679993,149.089996,150.190002,148.878448,92229700
18-08-2021,149.800003,150.720001,146.149994,146.360001,145.081863,86326000
19-08-2021,145.029999,148,144.5,146.699997,145.4189,86960300
20-08-2021,147.440002,148.5,146.779999,148.190002,146.895889,60549600
23-08-2021,148.309998,150.190002,147.889999,149.710007,148.402634,60131800
24-08-2021,149.449997,150.860001,149.149994,149.619995,148.3134,48606400
25-08-2021,149.809998,150.320007,147.800003,148.360001,147.064407,58991300
26-08-2021,148.350006,149.119995,147.509995,147.539993,146.251572,48597200
27-08-2021,147.479996,148.75,146.830002,148.600006,147.302338,55802400
30-08-2021,149,153.490005,148.610001,153.119995,151.782852,90956700
31-08-2021,152.660004,152.800003,151.289993,151.830002,150.50412,86453100
01-09-2021,152.830002,154.979996,152.339996,152.509995,151.178177,80313700
02-09-2021,153.869995,154.720001,152.399994,153.649994,152.308197,71115500
03-09-2021,153.759995,154.630005,153.089996,154.300003,152.952545,57808700
07-09-2021,154.970001,157.259995,154.389999,156.690002,155.321686,82278300
08-09-2021,156.979996,157.039993,153.979996,155.110001,153.755478,74420200
09-09-2021,155.490005,156.110001,153.949997,154.070007,152.724548,57305700
10-09-2021,155,155.479996,148.699997,148.970001,147.669083,140893200
13-09-2021,150.630005,151.419998,148.75,149.550003,148.244034,102404300
14-09-2021,150.350006,151.070007,146.910004,148.119995,146.826492,109296300
15-09-2021,148.559998,149.440002,146.369995,149.029999,147.728561,83281300
16-09-2021,148.440002,148.970001,147.220001,148.789993,147.490662,68034100
17-09-2021,148.820007,148.820007,145.759995,146.059998,144.784515,129868800
20-09-2021,143.800003,144.839996,141.270004,142.940002,141.691757,123478900
21-09-2021,143.929993,144.600006,142.779999,143.429993,142.17746,75834000
22-09-2021,144.449997,146.429993,143.699997,145.850006,144.576355,76404300
23-09-2021,146.649994,147.080002,145.639999,146.830002,145.547775,64838200
24-09-2021,145.660004,147.470001,145.559998,146.919998,145.637009,53477900
27-09-2021,145.470001,145.960007,143.820007,145.369995,144.10051,74150700
28-09-2021,143.25,144.75,141.690002,141.910004,140.670731,108972300
29-09-2021,142.470001,144.449997,142.029999,142.830002,141.582718,74602000
30-09-2021,143.660004,144.380005,141.279999,141.5,140.264328,89056700
01-10-2021,141.899994,142.919998,139.110001,142.649994,141.404266,94639600
04-10-2021,141.759995,142.210007,138.270004,139.139999,137.924927,98322000
05-10-2021,139.490005,142.240005,139.360001,141.110001,139.877716,80861100
06-10-2021,139.470001,142.149994,138.369995,142,140.759949,83221100
07-10-2021,143.059998,144.220001,142.720001,143.289993,142.038696,61732700
08-10-2021,144.029999,144.179993,142.559998,142.899994,141.652069,58773200
11-10-2021,142.270004,144.809998,141.809998,142.809998,141.562897,64452200
12-10-2021,143.229996,143.25,141.039993,141.509995,140.274231,73035900
13-10-2021,141.240005,141.399994,139.199997,140.910004,139.679474,78762700
14-10-2021,142.110001,143.880005,141.509995,143.759995,142.504578,69907100
15-10-2021,143.770004,144.899994,143.509995,144.839996,143.575134,67940300
18-10-2021,143.449997,146.839996,143.160004,146.550003,145.270233,85589200
19-10-2021,147.009995,149.169998,146.550003,148.759995,147.460907,76378900
20-10-2021,148.699997,149.75,148.119995,149.259995,147.956558,58418800
21-10-2021,148.809998,149.639999,147.869995,149.479996,148.174622,61421000
22-10-2021,149.690002,150.179993,148.639999,148.690002,147.391541,58883400
25-10-2021,148.679993,149.369995,147.619995,148.639999,147.341965,50720600
26-10-2021,149.330002,150.839996,149.009995,149.320007,148.016052,60893400
27-10-2021,149.360001,149.729996,148.490005,148.850006,147.55014,56094900
28-10-2021,149.820007,153.169998,149.720001,152.570007,151.237656,100077900
29-10-2021,147.220001,149.940002,146.410004,149.800003,148.491837,124953200
01-11-2021,148.990005,149.699997,147.800003,148.960007,147.65918,74588300
02-11-2021,148.660004,151.570007,148.649994,150.020004,148.70993,69122000
03-11-2021,150.389999,151.970001,149.820007,151.490005,150.167099,54511500
04-11-2021,151.580002,152.429993,150.639999,150.960007,149.641708,60394600
05-11-2021,151.889999,152.199997,150.059998,151.279999,150.17778,65463900
08-11-2021,151.410004,151.570007,150.160004,150.440002,149.343887,55020900
09-11-2021,150.199997,151.429993,150.059998,150.809998,149.711166,56787900
10-11-2021,150.020004,150.130005,147.850006,147.919998,146.842255,65187100
11-11-2021,148.960007,149.429993,147.679993,147.869995,146.792618,41000000
12-11-2021,148.429993,150.399994,147.479996,149.990005,148.897171,63804000
15-11-2021,150.369995,151.880005,149.429993,150,148.907089,59222800
16-11-2021,149.940002,151.490005,149.339996,151,149.899796,59256200
17-11-2021,151,155,150.990005,153.490005,152.371674,88807000
18-11-2021,153.710007,158.669998,153.050003,157.869995,156.719757,137827700
19-11-2021,157.649994,161.020004,156.529999,160.550003,159.380234,117305600
22-11-2021,161.679993,165.699997,161,161.020004,159.846817,117467900
23-11-2021,161.119995,161.800003,159.059998,161.410004,160.233963,96041900
24-11-2021,160.75,162.139999,159.639999,161.940002,160.760101,69463600
26-11-2021,159.570007,160.449997,156.360001,156.809998,155.66748,76959800
29-11-2021,159.369995,161.190002,158.789993,160.240005,159.072495,88748200
30-11-2021,159.990005,165.520004,159.919998,165.300003,164.095612,174048100
01-12-2021,167.479996,170.300003,164.529999,164.770004,163.569489,152052500
02-12-2021,158.740005,164.199997,157.800003,163.759995,162.566818,136739200
03-12-2021,164.020004,164.960007,159.720001,161.839996,160.660843,118023100
06-12-2021,164.289993,167.880005,164.279999,165.320007,164.115479,107497000
07-12-2021,169.080002,171.580002,168.339996,171.179993,169.93277,120405400
08-12-2021,172.130005,175.960007,170.699997,175.080002,173.804367,116998900
09-12-2021,174.910004,176.75,173.919998,174.559998,173.288147,108923700
10-12-2021,175.210007,179.630005,174.690002,179.449997,178.142532,115402700
13-12-2021,181.119995,182.130005,175.529999,175.740005,174.459564,153237000
14-12-2021,175.25,177.740005,172.210007,174.330002,173.05983,139380400
15-12-2021,175.110001,179.5,172.309998,179.300003,177.993622,131063300
16-12-2021,179.279999,181.139999,170.75,172.259995,171.004898,150185800
17-12-2021,169.929993,173.470001,169.690002,171.139999,169.893066,195432700
20-12-2021,168.279999,170.580002,167.460007,169.75,168.513214,107499100
21-12-2021,171.559998,173.199997,169.119995,172.990005,171.729599,91185900
22-12-2021,173.039993,175.860001,172.149994,175.639999,174.360275,92135300
23-12-2021,175.850006,176.850006,175.270004,176.279999,174.995621,68356600
27-12-2021,177.089996,180.419998,177.070007,180.330002,179.016129,74919600
28-12-2021,180.160004,181.330002,178.529999,179.289993,177.983673,79144300
29-12-2021,179.330002,180.630005,178.139999,179.380005,178.073044,62348900
30-12-2021,179.470001,180.570007,178.089996,178.199997,176.901642,59773000
31-12-2021,178.089996,179.229996,177.259995,177.570007,176.27623,64062300
03-01-2022,177.830002,182.880005,177.710007,182.009995,180.683868,104487900
04-01-2022,182.630005,182.940002,179.119995,179.699997,178.390701,99310400
05-01-2022,179.610001,180.169998,174.639999,174.919998,173.645538,94537600
06-01-2022,172.699997,175.300003,171.639999,172,170.746796,96904000
07-01-2022,172.889999,174.139999,171.029999,172.169998,170.915573,86709100
10-01-2022,169.080002,172.5,168.169998,172.190002,170.935425,106765600
11-01-2022,172.320007,175.179993,170.820007,175.080002,173.804367,76138300
12-01-2022,176.119995,177.179993,174.820007,175.529999,174.251068,74805200
13-01-2022,175.779999,176.619995,171.789993,172.190002,170.935425,84505800
14-01-2022,171.339996,173.779999,171.089996,173.070007,171.809021,80440800
18-01-2022,171.509995,172.539993,169.410004,169.800003,168.562836,90956700
19-01-2022,170,171.080002,165.940002,166.229996,165.018845,94815000
20-01-2022,166.979996,169.679993,164.179993,164.509995,163.311386,91420500
21-01-2022,164.419998,166.330002,162.300003,162.410004,161.226685,122848900
24-01-2022,160.020004,162.300003,154.699997,161.619995,160.442444,162294600
25-01-2022,158.979996,162.759995,157.020004,159.779999,158.615845,115798400
26-01-2022,163.5,164.389999,157.820007,159.690002,158.526489,108275300
27-01-2022,162.449997,163.839996,158.279999,159.220001,158.059906,121954600
28-01-2022,165.710007,170.350006,162.800003,170.330002,169.088974,179935700
31-01-2022,170.160004,175,169.509995,174.779999,173.506531,115541600
01-02-2022,174.009995,174.839996,172.309998,174.610001,173.337799,86213900
02-02-2022,174.75,175.880005,173.330002,175.839996,174.558823,84914300
03-02-2022,174.479996,176.240005,172.119995,172.899994,171.640244,89418100
04-02-2022,171.679993,174.100006,170.679993,172.389999,171.352005,82465400
07-02-2022,172.860001,173.949997,170.949997,171.660004,170.626389,77251200
08-02-2022,171.729996,175.350006,171.429993,174.830002,173.777313,74829200
09-02-2022,176.050003,176.649994,174.899994,176.279999,175.218567,71285000
10-02-2022,174.139999,175.479996,171.550003,172.119995,171.083603,90865900
11-02-2022,172.330002,173.080002,168.039993,168.639999,167.624588,98670700
14-02-2022,167.369995,169.580002,166.559998,168.880005,167.863159,86185500
15-02-2022,170.970001,172.949997,170.25,172.789993,171.749573,62527400
16-02-2022,171.850006,173.339996,170.050003,172.550003,171.511032,61177400
17-02-2022,171.029999,171.910004,168.470001,168.880005,167.863159,69589300
18-02-2022,169.820007,170.539993,166.190002,167.300003,166.292648,82772700
22-02-2022,164.979996,166.690002,162.149994,164.320007,163.330597,91162800
23-02-2022,165.539993,166.149994,159.75,160.070007,159.106201,90009200
24-02-2022,152.580002,162.850006,152,162.740005,161.760101,141147500
25-02-2022,163.839996,165.119995,160.869995,164.850006,163.857407,91974200
28-02-2022,163.059998,165.419998,162.429993,165.119995,164.125778,95056600
01-03-2022,164.699997,166.600006,161.970001,163.199997,162.217331,83474400
02-03-2022,164.389999,167.360001,162.949997,166.559998,165.557114,79724800
03-03-2022,168.470001,168.910004,165.550003,166.229996,165.229095,76678400
04-03-2022,164.490005,165.550003,162.100006,163.169998,162.187515,83737200
07-03-2022,163.360001,165.020004,159.039993,159.300003,158.34082,96418800
08-03-2022,158.820007,162.880005,155.800003,157.440002,156.49202,131148300
09-03-2022,161.479996,163.410004,159.410004,162.949997,161.968842,91454900
10-03-2022,160.199997,160.389999,155.979996,158.520004,157.565521,105342000
11-03-2022,158.929993,159.279999,154.5,154.729996,153.798325,96970100
14-03-2022,151.449997,154.119995,150.100006,150.619995,149.713074,108732100
15-03-2022,150.899994,155.570007,150.380005,155.089996,154.156143,92964300
16-03-2022,157.050003,160,154.460007,159.589996,158.629059,102300200
17-03-2022,158.610001,161,157.630005,160.619995,159.652878,75615400
18-03-2022,160.509995,164.479996,159.759995,163.979996,162.992615,123511700
21-03-2022,163.509995,166.350006,163.009995,165.380005,164.384216,95811400
22-03-2022,165.509995,169.419998,164.910004,168.820007,167.803497,81532000
23-03-2022,167.990005,172.639999,167.649994,170.210007,169.185135,98062700
24-03-2022,171.059998,174.139999,170.210007,174.070007,173.021896,90131400
25-03-2022,173.880005,175.279999,172.75,174.720001,173.667984,80546200
28-03-2022,172.169998,175.729996,172,175.600006,174.542679,90371900
29-03-2022,176.690002,179.009995,176.339996,178.960007,177.882446,100589400
30-03-2022,178.550003,179.610001,176.699997,177.770004,176.699631,92633200
31-03-2022,177.839996,178.029999,174.399994,174.610001,173.55864,103049300
01-04-2022,174.029999,174.880005,171.940002,174.309998,173.260437,78751300
04-04-2022,174.570007,178.490005,174.440002,178.440002,177.365585,76468400
05-04-2022,177.5,178.300003,174.419998,175.059998,174.00592,73401800
06-04-2022,172.360001,173.630005,170.130005,171.830002,170.79538,89058800
07-04-2022,171.160004,173.360001,169.850006,172.139999,171.103485,77594700
08-04-2022,171.779999,171.779999,169.199997,170.089996,169.065857,76575500
11-04-2022,168.710007,169.029999,165.5,165.75,164.751984,72246700
12-04-2022,168.020004,169.869995,166.639999,167.660004,166.650482,79265200
13-04-2022,167.389999,171.039993,166.770004,170.399994,169.373978,70618900
14-04-2022,170.619995,171.270004,165.039993,165.289993,164.294739,75329400
18-04-2022,163.919998,166.600006,163.570007,165.070007,164.07608,69023900
19-04-2022,165.020004,167.820007,163.910004,167.399994,166.392029,67723800
20-04-2022,168.759995,168.880005,166.100006,167.229996,166.223053,67929800
21-04-2022,168.910004,171.529999,165.910004,166.419998,165.417938,87227800
22-04-2022,166.460007,167.869995,161.5,161.789993,160.815811,84882400
25-04-2022,161.119995,163.169998,158.460007,162.880005,161.899261,96046400
26-04-2022,162.25,162.339996,156.720001,156.800003,155.855881,95623200
27-04-2022,155.910004,159.789993,155.380005,156.570007,155.627274,88063200
28-04-2022,159.25,164.520004,158.929993,163.639999,162.654678,130216800
29-04-2022,161.839996,166.199997,157.25,157.649994,156.700745,131747600
02-05-2022,156.710007,158.229996,153.270004,157.960007,157.008896,123055300
03-05-2022,158.149994,160.710007,156.320007,159.479996,158.519714,88966500
04-05-2022,159.669998,166.479996,159.259995,166.020004,165.020355,108256500
05-05-2022,163.850006,164.080002,154.949997,156.770004,155.826065,130525300
06-05-2022,156.009995,159.440002,154.179993,157.279999,156.562668,116124600
09-05-2022,154.929993,155.830002,151.490005,152.059998,151.366486,131577900
10-05-2022,155.520004,156.740005,152.929993,154.509995,153.805298,115366700
11-05-2022,153.5,155.449997,145.809998,146.5,145.831833,142689800
12-05-2022,142.770004,146.199997,138.800003,142.559998,141.909805,182602000
13-05-2022,144.589996,148.100006,143.110001,147.110001,146.439072,113990900
16-05-2022,145.550003,147.520004,144.179993,145.539993,144.876221,86643800
17-05-2022,148.860001,149.770004,146.679993,149.240005,148.559341,78336300
18-05-2022,146.850006,147.360001,139.899994,140.820007,140.177765,109742900
19-05-2022,139.880005,141.660004,136.600006,137.350006,136.723572,136095600
20-05-2022,139.089996,140.699997,132.610001,137.589996,136.962463,137426100
23-05-2022,137.789993,143.259995,137.649994,143.110001,142.457306,117726300
24-05-2022,140.809998,141.970001,137.330002,140.360001,139.719833,104132700
25-05-2022,138.429993,141.789993,138.339996,140.520004,139.87912,92482700
26-05-2022,137.389999,144.339996,137.139999,143.779999,143.124237,90601500
27-05-2022,145.389999,149.679993,145.259995,149.639999,148.95752,90978500
31-05-2022,149.070007,150.660004,146.839996,148.839996,148.161179,103718400
01-06-2022,149.899994,151.740005,147.679993,148.710007,148.031769,74286600
02-06-2022,147.830002,151.270004,146.860001,151.210007,150.52037,72348100
03-06-2022,146.899994,147.970001,144.460007,145.380005,144.716949,88570300
06-06-2022,147.029999,148.570007,144.899994,146.139999,145.47348,71598400
07-06-2022,144.350006,149,144.100006,148.710007,148.031769,67808200
08-06-2022,148.580002,149.869995,147.460007,147.960007,147.285202,53950200
09-06-2022,147.080002,147.949997,142.529999,142.639999,141.989456,69473000
10-06-2022,140.279999,140.759995,137.059998,137.130005,136.504578,91437900
13-06-2022,132.869995,135.199997,131.440002,131.880005,131.278519,122207100
14-06-2022,133.130005,133.889999,131.479996,132.759995,132.154495,84784300
15-06-2022,134.289993,137.339996,132.160004,135.429993,134.812332,91533000
16-06-2022,132.080002,132.389999,129.039993,130.059998,129.466827,108123900
17-06-2022,130.070007,133.080002,129.809998,131.559998,130.959976,134520300
21-06-2022,133.419998,137.059998,133.320007,135.869995,135.25032,81000500
22-06-2022,134.789993,137.759995,133.910004,135.350006,134.732712,73409200
23-06-2022,136.820007,138.589996,135.630005,138.270004,137.639389,72433800
24-06-2022,139.899994,141.910004,139.770004,141.660004,141.013916,89116800
27-06-2022,142.699997,143.490005,140.970001,141.660004,141.013916,70207900
28-06-2022,142.130005,143.419998,137.320007,137.440002,136.813156,67083400
29-06-2022,137.460007,140.669998,136.669998,139.229996,138.595001,66242400
30-06-2022,137.25,138.369995,133.770004,136.720001,136.096436,98964500
01-07-2022,136.039993,139.039993,135.660004,138.929993,138.296356,71051600
05-07-2022,137.770004,141.610001,136.929993,141.559998,140.914352,73353800
06-07-2022,141.350006,144.119995,141.080002,142.919998,142.268173,74064300
07-07-2022,143.289993,146.550003,143.279999,146.350006,145.682526,66253700
08-07-2022,145.259995,147.550003,145,147.039993,146.36937,64547800
11-07-2022,145.669998,146.639999,143.779999,144.869995,144.209259,63141600
12-07-2022,145.759995,148.449997,145.050003,145.860001,145.194748,77588800
13-07-2022,142.990005,146.449997,142.119995,145.490005,144.826447,71185600
14-07-2022,144.080002,148.949997,143.25,148.470001,147.792862,78140700
15-07-2022,149.779999,150.860001,148.199997,150.169998,149.485107,76259900
18-07-2022,150.740005,151.570007,146.699997,147.070007,146.399246,81420900
19-07-2022,147.919998,151.229996,146.910004,151,150.31131,82982400
20-07-2022,151.119995,153.720001,150.369995,153.039993,152.34201,64823400
21-07-2022,154.5,155.570007,151.940002,155.350006,154.641479,65086600
22-07-2022,155.389999,156.279999,153.410004,154.089996,153.387207,66675400
25-07-2022,154.009995,155.039993,152.279999,152.949997,152.252426,53623900
26-07-2022,152.259995,153.089996,150.800003,151.600006,150.9086,55138700
27-07-2022,152.580002,157.330002,152.160004,156.789993,156.074905,78620700
28-07-2022,156.979996,157.639999,154.410004,157.350006,156.63237,81378700
29-07-2022,161.240005,163.630005,159.5,162.509995,161.768814,101786900
01-08-2022,161.009995,163.589996,160.889999,161.509995,160.773376,67829400
02-08-2022,160.100006,162.410004,159.630005,160.009995,159.280228,59907000
03-08-2022,160.839996,166.589996,160.75,166.130005,165.37233,82507500
04-08-2022,166.009995,167.190002,164.429993,165.809998,165.053772,55474100
05-08-2022,163.210007,165.850006,163,165.350006,164.824509,56697000
08-08-2022,166.369995,167.809998,164.199997,164.869995,164.346024,60276900
09-08-2022,164.020004,165.820007,163.25,164.919998,164.395874,63135500
10-08-2022,167.679993,169.339996,166.899994,169.240005,168.702148,70170500
11-08-2022,170.059998,170.990005,168.190002,168.490005,167.954529,57149200
12-08-2022,169.820007,172.169998,169.399994,172.100006,171.553055,68039400
15-08-2022,171.520004,173.389999,171.350006,173.190002,172.639587,54091700
16-08-2022,172.779999,173.710007,171.660004,173.029999,172.480103,56377100
17-08-2022,172.770004,176.149994,172.570007,174.550003,173.99527,79542000
18-08-2022,173.75,174.899994,173.119995,174.149994,173.596527,62290100
19-08-2022,173.029999,173.740005,171.309998,171.520004,170.974884,70346300
22-08-2022,169.690002,169.860001,167.139999,167.570007,167.037445,69026800
23-08-2022,167.080002,168.710007,166.649994,167.229996,166.698517,54147100
24-08-2022,167.320007,168.110001,166.25,167.529999,166.997574,53841500
25-08-2022,168.779999,170.139999,168.350006,170.029999,169.489624,51218200
26-08-2022,170.570007,171.050003,163.559998,163.619995,163.100006,78961000
29-08-2022,161.149994,162.899994,159.820007,161.380005,160.867111,73314000
30-08-2022,162.130005,162.559998,157.720001,158.910004,158.404968,77906200
31-08-2022,160.309998,160.580002,157.139999,157.220001,156.720337,87991100
01-09-2022,156.639999,158.419998,154.669998,157.960007,157.457993,74229900
02-09-2022,159.75,160.360001,154.970001,155.809998,155.314819,76957800
06-09-2022,156.470001,157.089996,153.690002,154.529999,154.038895,73714800
07-09-2022,154.820007,156.669998,153.610001,155.960007,155.464355,87449600
08-09-2022,154.639999,156.360001,152.679993,154.460007,153.969116,84923800
09-09-2022,155.470001,157.820007,154.75,157.369995,156.869858,68028800
12-09-2022,159.589996,164.259995,159.300003,163.429993,162.910599,104956000
13-09-2022,159.899994,160.539993,153.369995,153.839996,153.351074,122656600
14-09-2022,154.789993,157.100006,153.610001,155.309998,154.816406,87965400
15-09-2022,154.649994,155.240005,151.380005,152.369995,151.885757,90481100
16-09-2022,151.210007,151.350006,148.369995,150.699997,150.221069,162278800
19-09-2022,149.309998,154.559998,149.100006,154.479996,153.989044,81474200
20-09-2022,153.399994,158.080002,153.080002,156.899994,156.401352,107689800
21-09-2022,157.339996,158.740005,153.600006,153.720001,153.231461,101696800
22-09-2022,152.380005,154.470001,150.910004,152.740005,152.254593,86652500
23-09-2022,151.190002,151.470001,148.559998,150.429993,149.95192,96029900
26-09-2022,149.660004,153.770004,149.639999,150.770004,150.290848,93339400
27-09-2022,152.740005,154.720001,149.949997,151.759995,151.277695,84442700
28-09-2022,147.639999,150.639999,144.839996,149.839996,149.363785,146691400
29-09-2022,146.100006,146.720001,140.679993,142.479996,142.027176,128138200
30-09-2022,141.279999,143.100006,138,138.199997,137.760773,124925300
03-10-2022,138.210007,143.070007,137.690002,142.449997,141.997284,114311700
04-10-2022,145.029999,146.220001,144.259995,146.100006,145.635681,87830100
05-10-2022,144.070007,147.380005,143.009995,146.399994,145.934723,79471000
06-10-2022,145.809998,147.539993,145.220001,145.429993,144.967804,68402200
07-10-2022,142.539993,143.100006,139.449997,140.089996,139.644775,85925600
10-10-2022,140.419998,141.889999,138.570007,140.419998,139.97374,74899000
11-10-2022,139.899994,141.350006,138.220001,138.979996,138.5383,77033700
12-10-2022,139.130005,140.360001,138.160004,138.339996,137.90033,70433700
13-10-2022,134.990005,143.589996,134.369995,142.990005,142.535568,113224000
14-10-2022,144.309998,144.520004,138.190002,138.380005,137.940216,88598000
17-10-2022,141.070007,142.899994,140.270004,142.410004,141.957413,85250900
18-10-2022,145.490005,146.699997,140.610001,143.75,143.293152,99136600
19-10-2022,141.690002,144.949997,141.5,143.860001,143.402802,61758300
20-10-2022,143.020004,145.889999,142.649994,143.389999,142.934296,64522000
21-10-2022,142.869995,147.850006,142.649994,147.270004,146.801956,86548600
24-10-2022,147.190002,150.229996,146,149.449997,148.975021,75981900
25-10-2022,150.089996,152.490005,149.360001,152.339996,151.85585,74732300
26-10-2022,150.960007,151.990005,148.039993,149.350006,148.875351,88194300
27-10-2022,148.070007,149.050003,144.130005,144.800003,144.339813,109180200
28-10-2022,148.199997,157.5,147.820007,155.740005,155.245056,164762400
31-10-2022,153.160004,154.240005,151.919998,153.339996,152.852676,97943200
01-11-2022,155.080002,155.449997,149.130005,150.649994,150.171219,80379300
02-11-2022,148.949997,152.169998,145,145.029999,144.569077,93604600
03-11-2022,142.059998,142.800003,138.75,138.880005,138.438629,97918500
04-11-2022,142.089996,142.669998,134.380005,138.380005,138.169037,140814800
07-11-2022,137.110001,139.149994,135.669998,138.919998,138.708206,83374600
08-11-2022,140.410004,141.429993,137.490005,139.5,139.287338,89908500
09-11-2022,138.5,138.550003,134.589996,134.869995,134.664383,74917800
10-11-2022,141.240005,146.869995,139.5,146.869995,146.646088,118854000
11-11-2022,145.820007,150.009995,144.369995,149.699997,149.471771,93979700
14-11-2022,148.970001,150.279999,147.429993,148.279999,148.05394,73374100
15-11-2022,152.220001,153.589996,148.559998,150.039993,149.811249,89868300
16-11-2022,149.130005,149.869995,147.289993,148.789993,148.563156,64218300
17-11-2022,146.429993,151.479996,146.149994,150.720001,150.490234,80389400
18-11-2022,152.309998,152.699997,149.970001,151.289993,151.059357,74829600
21-11-2022,150.160004,150.369995,147.720001,148.009995,147.784348,58724100
22-11-2022,148.130005,150.419998,146.929993,150.179993,149.951035,51804100
23-11-2022,149.449997,151.830002,149.339996,151.070007,150.839706,58301400
25-11-2022,148.309998,148.880005,147.119995,148.110001,147.884201,35195900
28-11-2022,145.139999,146.639999,143.380005,144.220001,144.000137,69246000
29-11-2022,144.289993,144.809998,140.350006,141.169998,140.954788,83763800
30-11-2022,141.399994,148.720001,140.550003,148.029999,147.804321,111380900
01-12-2022,148.210007,149.130005,146.610001,148.309998,148.083893,71250400
02-12-2022,145.960007,148,145.649994,147.809998,147.584656,65447400
05-12-2022,147.770004,150.919998,145.770004,146.630005,146.406464,68826400
06-12-2022,147.070007,147.300003,141.919998,142.910004,142.692139,64727200
07-12-2022,142.190002,143.369995,140,140.940002,140.725143,69721100
08-12-2022,142.360001,143.520004,141.100006,142.649994,142.432526,62128300
09-12-2022,142.339996,145.570007,140.899994,142.160004,141.943283,76097000
12-12-2022,142.699997,144.5,141.059998,144.490005,144.26973,70462700
13-12-2022,149.5,149.970001,144.240005,145.470001,145.24823,93886200
14-12-2022,145.350006,146.660004,141.160004,143.210007,142.991684,82291200
15-12-2022,141.110001,141.800003,136.029999,136.5,136.291901,98931900
16-12-2022,136.690002,137.649994,133.729996,134.509995,134.304932,160156900
19-12-2022,135.110001,135.199997,131.320007,132.369995,132.168198,79592600
20-12-2022,131.389999,133.25,129.889999,132.300003,132.098312,77432800
21-12-2022,132.979996,136.809998,132.75,135.449997,135.2435,85928000
22-12-2022,134.350006,134.559998,130.300003,132.229996,132.028412,77852100
23-12-2022,130.919998,132.419998,129.639999,131.860001,131.658981,63814900
27-12-2022,131.380005,131.410004,128.720001,130.029999,129.831772,69007800
28-12-2022,129.669998,131.029999,125.870003,126.040001,125.847855,85438400
29-12-2022,127.989998,130.479996,127.730003,129.610001,129.412415,75703700
30-12-2022,128.410004,129.949997,127.43,129.929993,129.731918,77034200
03-01-2023,130.279999,130.899994,124.169998,125.07,124.879326,112117500
04-01-2023,126.889999,128.660004,125.080002,126.360001,126.167366,89113600
05-01-2023,127.129997,127.769997,124.760002,125.019997,124.829399,80962700
06-01-2023,126.010002,130.289993,124.889999,129.619995,129.422394,87754700
09-01-2023,130.470001,133.410004,129.889999,130.149994,129.951584,70790800
10-01-2023,130.259995,131.259995,128.119995,130.729996,130.530701,63896200
11-01-2023,131.25,133.509995,130.460007,133.490005,133.286499,69458900
12-01-2023,133.880005,134.259995,131.440002,133.410004,133.206619,71379600
13-01-2023,132.029999,134.919998,131.660004,134.759995,134.55455,57809700
17-01-2023,134.830002,137.289993,134.130005,135.940002,135.732758,63646600
18-01-2023,136.820007,138.610001,135.029999,135.210007,135.003876,69672800
19-01-2023,134.080002,136.25,133.770004,135.270004,135.063782,58280400
20-01-2023,135.279999,138.020004,134.220001,137.869995,137.659805,80223600
23-01-2023,138.119995,143.320007,137.899994,141.110001,140.894882,81760300
24-01-2023,140.309998,143.160004,140.300003,142.529999,142.312714,66435100
25-01-2023,140.889999,142.429993,138.809998,141.860001,141.643738,65799300
26-01-2023,143.169998,144.25,141.899994,143.960007,143.74054,54105100
27-01-2023,143.160004,147.229996,143.080002,145.929993,145.70752,70555800
30-01-2023,144.960007,145.550003,142.850006,143,142.781998,64015300
31-01-2023,142.699997,144.339996,142.279999,144.289993,144.070023,65874500
01-02-2023,143.970001,146.610001,141.320007,145.429993,145.208282,77663600
02-02-2023,148.899994,151.179993,148.169998,150.820007,150.590088,118339000
03-02-2023,148.029999,157.380005,147.830002,154.5,154.264465,154357300
06-02-2023,152.570007,153.100006,150.779999,151.729996,151.498688,69858300
07-02-2023,150.639999,155.229996,150.639999,154.649994,154.41423,83322600
08-02-2023,153.880005,154.580002,151.169998,151.919998,151.6884,64120100
09-02-2023,153.779999,154.330002,150.419998,150.869995,150.639999,56007100
10-02-2023,149.460007,151.339996,149.220001,151.009995,151.009995,57450700
13-02-2023,150.949997,154.259995,150.919998,153.850006,153.850006,62199000
14-02-2023,152.119995,153.770004,150.860001,153.199997,153.199997,61707600
15-02-2023,153.110001,155.5,152.880005,155.330002,155.330002,65573800
16-02-2023,153.509995,156.330002,153.350006,153.710007,153.710007,68167900
17-02-2023,152.350006,153,150.850006,152.550003,152.550003,59144100
21-02-2023,150.199997,151.300003,148.410004,148.479996,148.479996,58867200
22-02-2023,148.869995,149.949997,147.160004,148.910004,148.910004,51011300
23-02-2023,150.089996,150.339996,147.240005,149.399994,149.399994,48394200
24-02-2023,147.110001,147.190002,145.720001,146.710007,146.710007,55469600
27-02-2023,147.710007,149.169998,147.449997,147.919998,147.919998,44998500
28-02-2023,147.050003,149.080002,146.830002,147.410004,147.410004,50547000
01-03-2023,146.830002,147.229996,145.009995,145.309998,145.309998,55479000
02-03-2023,144.380005,146.710007,143.899994,145.910004,145.910004,52238100
03-03-2023,148.039993,151.110001,147.330002,151.029999,151.029999,70732300
06-03-2023,153.789993,156.300003,153.460007,153.830002,153.830002,87558000
07-03-2023,153.699997,154.029999,151.130005,151.600006,151.600006,56182000
08-03-2023,152.809998,153.470001,151.830002,152.869995,152.869995,47204800
09-03-2023,153.559998,154.539993,150.229996,150.589996,150.589996,53833600
10-03-2023,150.210007,150.940002,147.610001,148.5,148.5,68572400
13-03-2023,147.809998,153.139999,147.699997,150.470001,150.470001,84457100
14-03-2023,151.279999,153.399994,150.100006,152.589996,152.589996,73695900
15-03-2023,151.190002,153.25,149.919998,152.990005,152.990005,77167900
16-03-2023,152.160004,156.460007,151.639999,155.850006,155.850006,76161100
17-03-2023,156.080002,156.740005,154.279999,155,155,98944600
20-03-2023,155.070007,157.820007,154.149994,157.399994,157.399994,73641400
21-03-2023,157.320007,159.399994,156.539993,159.279999,159.279999,73938300
22-03-2023,159.300003,162.139999,157.809998,157.830002,157.830002,75701800
23-03-2023,158.830002,161.550003,157.679993,158.929993,158.929993,67622100
24-03-2023,158.860001,160.339996,157.850006,160.25,160.25,59196500
27-03-2023,159.940002,160.770004,157.869995,158.279999,158.279999,52390300
28-03-2023,157.970001,158.490005,155.979996,157.649994,157.649994,45992200
29-03-2023,159.369995,161.050003,159.350006,160.770004,160.770004,51305700
30-03-2023,161.529999,162.470001,161.270004,162.360001,162.360001,49501700
31-03-2023,162.440002,165,161.910004,164.899994,164.899994,68694700
03-04-2023,164.270004,166.289993,164.220001,166.169998,166.169998,56976200
04-04-2023,166.600006,166.839996,165.110001,165.630005,165.630005,46278300
05-04-2023,164.740005,165.050003,161.800003,163.759995,163.759995,51511700
06-04-2023,162.429993,164.960007,162,164.660004,164.660004,45390100
10-04-2023,161.419998,162.029999,160.080002,162.029999,162.029999,47716900
11-04-2023,162.350006,162.360001,160.509995,160.800003,160.800003,47644200
12-04-2023,161.220001,162.059998,159.779999,160.100006,160.100006,50072700
